line_number,structure_id,inspection_status,file,feature,defect,description,severity,position
Y111,Y111-000000,ANNOTATED,DJI_20240409191648_0083_Z.JPG,Hardware,['missing cotter key'],,LOW,5
Y111,Y111-000000,ANNOTATED,DJI_20240409191716_0089_Z.JPG,Pole,['rotten'],,LOW,8
Y111,Y111-000000,ANNOTATED,DJI_20240409191445_0056_Z.JPG,Pole,['cracked'],,LOW,1
Y111,Y111-000000,ANNOTATED,DJI_20240409191601_0072_Z.JPG,Pole,['cracked'],,LOW,5
Y111,Y111-000000,ANNOTATED,DJI_20240409191601_0072_Z.JPG,Hardware,['missing nuts'],,HIGH,5
Y111,Y111-000000,ANNOTATED,DJI_20240409191431_0054_W.JPG,Insulator,['not plumb'],,LOW,0
Y111,Y111-107636,ANNOTATED,DJI_20240408183625_0174_Z.JPG,Pole,['cracked'],,LOW,5
Y111,Y111-107636,ANNOTATED,DJI_20240408183518_0154_Z.JPG,Pole,['cracked'],,LOW,1
Y111,Y111-107636,ANNOTATED,DJI_20240408183630_0177_Z.JPG,Pole,['poletag white'],,LOW,5
Y111,Y111-107637,ANNOTATED,DJI_20240409082017_0089_Z.JPG,Pole,['poletag white'],,LOW,1
Y111,Y111-107637,ANNOTATED,DJI_20240409082051_0094_Z.JPG,Hardware,"['worn hardware', 'rusted hardware']",,LOW,1
Y111,Y111-107637,ANNOTATED,DJI_20240409082152_0106_Z.JPG,Pole,['cracked'],,MEDIUM,5
Y111,Y111-107637,ANNOTATED,DJI_20240409082016_0088_Z.JPG,Pole,['cracked'],,LOW,1
Y111,Y111-107637,ANNOTATED,DJI_20240409082020_0090_Z.JPG,Footings,['cracked'],,LOW,1
Y111,Y111-107812,ANNOTATED,DJI_20240409081548_0045_Z.JPG,Pole,['cracked'],,MEDIUM,1
Y111,Y111-107812,ANNOTATED,DJI_20240409081554_0049_Z.JPG,Pole,['poletag white'],,LOW,1
Y111,Y111-107812,ANNOTATED,DJI_20240409081556_0050_Z.JPG,review,['unsure'],,LOW,1
Y111,Y111-107812,ANNOTATED,DJI_20240409081748_0068_Z.JPG,Pole,['cracked'],,LOW,5
Y111,Y111-107812,ANNOTATED,DJI_20240409081754_0071_Z.JPG,Pole,['cracked'],,MEDIUM,5
Y111,Y111-107812,ANNOTATED,DJI_20240409081742_0066_Z.JPG,Pole,['cracked'],,MEDIUM,5
Y111,Y111-107907,ANNOTATED,DJI_20240408180755_0194_Z.JPG,Pole,['cracked'],,LOW,1
Y111,Y111-107907,ANNOTATED,DJI_20240408180956_0223_Z.JPG,Hardware,"['worn hardware', 'rusted hardware']",,LOW,5
Y111,Y111-107907,ANNOTATED,DJI_20240408180757_0195_Z.JPG,Pole,['poletag white'],,LOW,1
Y111,Y111-202193,ANNOTATED,DJI_20240410103909_0003_W.JPG,Insulator,['not plumb'],,MEDIUM,6
Y111,Y111-202193,ANNOTATED,DJI_20240410104140_0038_Z.JPG,Pole,['poletag white'],,LOW,3
Y111,Y111-202193,ANNOTATED,DJI_20240410103909_0003_W.JPG,Insulator,['not plumb'],,LOW,6
Y111,Y111-212161,ANNOTATED,DJI_20240410105912_0206_W.JPG,Insulator,['not plumb'],,LOW,2
Y111,Y111-212161,ANNOTATED,DJI_20240410110000_0219_Z.JPG,Pole,['poletag white'],,LOW,3
Y111,Y111-212161,ANNOTATED,DJI_20240410105926_0208_Z.JPG,Pole,['cracked'],,LOW,3
Y111,Y111-213596,ANNOTATED,DJI_20240409191751_0093_Z.JPG,Pole,['cracked'],,LOW,1
Y111,Y111-213596,ANNOTATED,DJI_20240409192147_0148_Z.JPG,Pole,['cracked'],,LOW,8
Y111,Y111-213722,ANNOTATED,DJI_20240408181846_0067_Z.JPG,Pole,['poletag white'],,LOW,5
Y111,Y111-213722,ANNOTATED,DJI_20240408181738_0047_Z.JPG,Pole,['cracked'],,LOW,1
Y111,Y111-213722,ANNOTATED,DJI_20240408181731_0045_Z.JPG,Pole,['cracked'],,MEDIUM,1
Y111,Y111-213723,ANNOTATED,DJI_20240409212207_0063_Z.JPG,Pole,['cracked'],,MEDIUM,3
Y111,Y111-213723,ANNOTATED,DJI_20240409212559_0107_Z.JPG,Pole,['cracked'],,LOW,8
Y111,Y111-213723,ANNOTATED,DJI_20240409212202_0061_Z.JPG,Pole,['cracked'],,LOW,3
Y111,Y111-213723,ANNOTATED,DJI_20240409212224_0068_Z.JPG,Pole,['poletag white'],,LOW,3
Y111,Y111-213723,ANNOTATED,DJI_20240409212224_0068_Z.JPG,Pole,['cracked'],,MEDIUM,3
Y111,Y111-213723,ANNOTATED,DJI_20240409212216_0065_Z.JPG,Pole,['cracked'],,LOW,3
Y111,Y111-213747,ANNOTATED,DJI_20240409215050_0159_Z.JPG,Pole,['cracked'],,MEDIUM,7
Y111,Y111-213747,ANNOTATED,DJI_20240409215103_0165_Z.JPG,Pole,['poletag white'],,LOW,7
Y111,Y111-213747,ANNOTATED,DJI_20240409215238_0175_Z.JPG,Pole,['cracked'],,LOW,8
Y111,Y111-213747,ANNOTATED,DJI_20240409214842_0129_Z.JPG,Pole,['cracked'],,LOW,3
Y111,Y111-213747,ANNOTATED,DJI_20240409214855_0132_Z.JPG,Pole,['cracked'],,LOW,3
Y111,Y111-213748,ANNOTATED,DJI_20240408182050_0085_Z.JPG,Pole,['poletag white'],,LOW,1
Y111,Y111-213748,ANNOTATED,DJI_20240408182041_0080_Z.JPG,Pole,['cracked'],,MEDIUM,1
Y111,Y111-213749,ANNOTATED,DJI_20240409214330_0066_Z.JPG,Pole,['cracked'],,LOW,3
Y111,Y111-213749,ANNOTATED,DJI_20240409214333_0067_Z.JPG,Pole,['cracked'],,LOW,3
Y111,Y111-213749,ANNOTATED,DJI_20240409214335_0068_Z.JPG,Pole,['cracked'],,MEDIUM,3
Y111,Y111-213749,ANNOTATED,DJI_20240409214342_0071_Z.JPG,Pole,['cracked'],,MEDIUM,3
Y111,Y111-213749,ANNOTATED,DJI_20240409214606_0108_Z.JPG,Pole,['poletag white'],,LOW,7
Y111,Y111-213749,ANNOTATED,DJI_20240409214321_0062_Z.JPG,Pole,['rotten'],,LOW,3
Y111,Y111-213749,ANNOTATED,DJI_20240409214535_0098_Z.JPG,Pole,['cracked'],,MEDIUM,7
Y111,Y111-213750,ANNOTATED,DJI_20240408182419_0035_Z.JPG,Pole,['cracked'],,HIGH,1
Y111,Y111-213750,ANNOTATED,DJI_20240408182415_0033_Z.JPG,Pole,['cracked'],,MEDIUM,1
Y111,Y111-213750,ANNOTATED,DJI_20240408182417_0034_Z.JPG,Pole,['cracked'],,HIGH,1
Y111,Y111-213750,ANNOTATED,DJI_20240408182408_0030_Z.JPG,Pole,['cracked'],,MEDIUM,1
Y111,Y111-213750,ANNOTATED,DJI_20240408182548_0053_Z.JPG,Pole,['poletag white'],,LOW,5
Y111,Y111-213750,ANNOTATED,DJI_20240408182415_0033_Z.JPG,Pole,['cracked'],,MEDIUM,1
Y111,Y111-505545,ANNOTATED,DJI_20240408150741_0111_Z.JPG,Pole,['cracked'],,LOW,3
Y111,Y111-505545,ANNOTATED,DJI_20240408150948_0144_Z.JPG,Pole,['cracked'],,LOW,7
Y111,Y111-505548,ANNOTATED,DJI_20240409020624_0032_Z.JPG,Pole,['cracked'],,MEDIUM,5
Y111,Y111-505548,ANNOTATED,DJI_20240409020326_0006_Z.JPG,Pole,['cracked'],,LOW,1
Y111,Y111-505548,ANNOTATED,DJI_20240409020329_0008_Z.JPG,Pole,['cracked'],,LOW,1
Y111,Y111-505548,ANNOTATED,DJI_20240409020556_0023_Z.JPG,Pole,['cracked'],,LOW,5
Y111,Y111-505548,ANNOTATED,DJI_20240409020602_0027_Z.JPG,Pole,['cracked'],,MEDIUM,5
Y111,Y111-505548,ANNOTATED,DJI_20240409020604_0028_Z.JPG,Pole,['cracked'],,MEDIUM,5
Y111,Y111-505548,ANNOTATED,DJI_20240409020622_0031_Z.JPG,Pole,['cracked'],,LOW,5
Y111,Y111-505548,ANNOTATED,DJI_20240409020622_0031_Z.JPG,Pole,['cracked'],,LOW,5
Y111,Y111-505548,ANNOTATED,DJI_20240409020317_0004_Z.JPG,Pole,['cracked'],,LOW,1
Y111,Y111-505550,ANNOTATED,DJI_20240408105716_0059_Z.JPG,review,['unsure'],,LOW,6
Y111,Y111-505550,ANNOTATED,DJI_20240408105327_0011_Z.JPG,Footings,['damaged'],,MEDIUM,2
Y111,Y111-505550,ANNOTATED,DJI_20240408105327_0011_Z.JPG,review,['unsure'],,LOW,2
Y111,Y111-505550,ANNOTATED,DJI_20240408105351_0018_Z.JPG,Pole,['cracked'],,LOW,2
Y111,Y111-505550,ANNOTATED,DJI_20240408105358_0023_Z.JPG,review,['unsure'],,LOW,2
Y111,Y111-505550,ANNOTATED,DJI_20240408105443_0027_Z.JPG,Hardware,['loose'],,LOW,2
Y111,Y111-505550,ANNOTATED,DJI_20240408105716_0059_Z.JPG,Pole,['cracked'],,LOW,6
Y111,Y111-505550,ANNOTATED,DJI_20240408105718_0060_Z.JPG,review,['unsure'],,LOW,6
Y111,Y111-505550,ANNOTATED,DJI_20240408105720_0061_Z.JPG,Pole,['cracked'],,MEDIUM,6
Y111,Y111-505550,ANNOTATED,DJI_20240408105721_0062_Z.JPG,Pole,['cracked'],,MEDIUM,6
Y111,Y111-505550,ANNOTATED,DJI_20240408105846_0083_Z.JPG,Hardware,['missing cotter key'],,LOW,5
Y111,Y111-505554,ANNOTATED,DJI_20240408103243_0061_Z.JPG,review,['unsure'],,LOW,6
Y111,Y111-505554,ANNOTATED,DJI_20240408103250_0065_Z.JPG,review,['unsure'],,LOW,6
Y111,Y111-505554,ANNOTATED,DJI_20240408102843_0005_Z.JPG,Pole,['cracked'],,MEDIUM,2
Y111,Y111-505554,ANNOTATED,DJI_20240408103422_0078_Z.JPG,Hardware,['loose'],,HIGH,6
Y111,Y111-505554,ANNOTATED,DJI_20240408103342_0072_Z.JPG,Hardware,['rusted hardware'],,LOW,6
Y111,Y111-505554,ANNOTATED,DJI_20240408102845_0006_Z.JPG,Pole,['woodpecker hole'],,LOW,2
Y111,Y111-505554,ANNOTATED,DJI_20240408102845_0006_Z.JPG,Pole,['cracked'],,LOW,2
Y111,Y111-505554,ANNOTATED,DJI_20240408102849_0009_Z.JPG,review,['unsure'],,LOW,2
Y111,Y111-505554,ANNOTATED,DJI_20240408103254_0068_Z.JPG,Pole,['poletag white'],,LOW,6
Y111,Y111-505554,ANNOTATED,DJI_20240408102846_0007_Z.JPG,Pole,"['cracked', 'damaged']",,LOW,2
Y111,Y111-505554,ANNOTATED,DJI_20240408102847_0008_Z.JPG,review,['unsure'],,LOW,2
Y111,Y111-505554,ANNOTATED,DJI_20240408102858_0012_Z.JPG,Pole,['cracked'],,LOW,2
Y111,Y111-505554,ANNOTATED,DJI_20240408103202_0044_Z.JPG,Pole,['cracked'],,LOW,6
Y111,Y111-505554,ANNOTATED,DJI_20240408103207_0048_Z.JPG,Pole,['cracked'],,LOW,6
Y111,Y111-505555,ANNOTATED,DJI_20240408110334_0034_Z.JPG,Pole,"['rotten', 'cracked']",,MEDIUM,7
Y111,Y111-505555,ANNOTATED,DJI_20240408110327_0032_Z.JPG,Pole,"['rotten', 'cracked']",,MEDIUM,7
Y111,Y111-505555,ANNOTATED,DJI_20240408110325_0031_Z.JPG,Pole,"['rotten', 'cracked']",,MEDIUM,7
Y111,Y111-505555,ANNOTATED,DJI_20240408110323_0030_Z.JPG,Pole,['cracked'],,LOW,7
Y111,Y111-505555,ANNOTATED,DJI_20240408110214_0012_Z.JPG,groundwire,['not connected'],,LOW,3
Y111,Y111-505555,ANNOTATED,DJI_20240408110155_0005_Z.JPG,Pole,['rotten'],,LOW,3
Y111,Y111-505555,ANNOTATED,DJI_20240408110335_0035_Z.JPG,Pole,"['rotten', 'cracked']",,MEDIUM,7
Y111,Y111-505558,ANNOTATED,DJI_20240409044507_0041_Z.JPG,Pole,['cracked'],,MEDIUM,7
Y111,Y111-505558,ANNOTATED,DJI_20240409044503_0039_Z.JPG,Pole,['cracked'],,LOW,7
Y111,Y111-505558,ANNOTATED,DJI_20240409044505_0040_Z.JPG,Pole,['cracked'],,LOW,7
Y111,Y111-505558,ANNOTATED,DJI_20240409044508_0042_Z.JPG,review,['unsure'],,LOW,7
Y111,Y111-505561,ANNOTATED,DJI_20240409044801_0072_Z.JPG,Pole,['cracked'],,LOW,3
Y111,Y111-505561,ANNOTATED,DJI_20240409045045_0116_Z.JPG,Pole,['cracked'],,LOW,7
Y111,Y111-505561,ANNOTATED,DJI_20240409045015_0104_Z.JPG,Pole,['cracked'],,MEDIUM,7
Y111,Y111-505561,ANNOTATED,DJI_20240409045012_0102_Z.JPG,Pole,['cracked'],,LOW,7
Y111,Y111-505562,ANNOTATED,DJI_20240409045659_0168_Z.JPG,Pole,"['rotten', 'cracked']",,MEDIUM,7
Y111,Y111-505562,ANNOTATED,DJI_20240409045704_0171_Z.JPG,Pole,['cracked'],,MEDIUM,7
Y111,Y111-505565,ANNOTATED,DJI_20240408151448_0192_Z.JPG,Pole,['cracked'],,LOW,7
Y111,Y111-505567,ANNOTATED,DJI_20240409043743_0003_W.JPG,Insulator,['not plumb'],,LOW,2
Y111,Y111-505567,ANNOTATED,DJI_20240409043817_0013_Z.JPG,Pole,['cracked'],,LOW,3
Y111,Y111-505569,ANNOTATED,DJI_20240409053240_0132_Z.JPG,Pole,['cracked'],,LOW,3
Y111,Y111-505569,ANNOTATED,DJI_20240409053232_0128_Z.JPG,Pole,['cracked'],,LOW,3
Y111,Y111-505569,ANNOTATED,DJI_20240409053836_0181_Z.JPG,Pole,['cracked'],,LOW,8
Y111,Y111-505569,ANNOTATED,DJI_20240409053717_0165_Z.JPG,Pole,['cracked'],,LOW,7
Y111,Y111-505569,ANNOTATED,DJI_20240409053246_0135_Z.JPG,Pole,['cracked'],,MEDIUM,3
Y111,Y111-505569,ANNOTATED,DJI_20240409053242_0133_Z.JPG,Pole,['cracked'],,MEDIUM,3
Y111,Y111-505571,ANNOTATED,DJI_20240409054151_0226_Z.JPG,Pole,['cracked'],,LOW,7
Y111,Y111-505571,ANNOTATED,DJI_20240409054150_0225_Z.JPG,Pole,['cracked'],,LOW,7
Y111,Y111-505571,ANNOTATED,DJI_20240409054020_0203_Z.JPG,Pole,['cracked'],,MEDIUM,3
Y111,Y111-505571,ANNOTATED,DJI_20240409054016_0201_Z.JPG,Pole,['cracked'],,MEDIUM,3
Y111,Y111-505572,ANNOTATED,DJI_20240409054414_0244_Z.JPG,Pole,['cracked'],,LOW,3
Y111,Y111-505572,ANNOTATED,DJI_20240409054729_0295_Z.JPG,Pole,['cracked'],,LOW,8
Y111,Y111-505572,ANNOTATED,DJI_20240409054515_0265_Z.JPG,review,['unsure'],,LOW,3
Y111,Y111-505572,ANNOTATED,DJI_20240409054611_0280_Z.JPG,Pole,['cracked'],,LOW,7
Y111,Y111-505572,ANNOTATED,DJI_20240409054434_0253_Z.JPG,Pole,['rotten'],,LOW,3
Y111,Y111-505572,ANNOTATED,DJI_20240409054427_0251_Z.JPG,Pole,['cracked'],,MEDIUM,3
Y111,Y111-505572,ANNOTATED,DJI_20240409054419_0247_Z.JPG,Pole,['cracked'],,LOW,3
Y111,Y111-505574,ANNOTATED,DJI_20240409081329_0027_Z.JPG,Pole,['cracked'],,LOW,5
Y111,Y111-505574,ANNOTATED,DJI_20240409081331_0029_Z.JPG,Pole,['poletag white'],,LOW,5
Y111,Y111-505574,ANNOTATED,DJI_20240409081341_0033_Z.JPG,Pole,['cracked'],,MEDIUM,5
Y111,Y111-505574,ANNOTATED,DJI_20240409081338_0031_Z.JPG,Pole,['cracked'],,LOW,5
Y111,Y111-505574,ANNOTATED,DJI_20240409081326_0025_Z.JPG,Pole,['cracked'],,LOW,5
Y111,Y111-505580,ANNOTATED,DJI_20240409192723_0196_Z.JPG,Pole,['cracked'],,HIGH,1
Y111,Y111-505580,ANNOTATED,DJI_20240409192824_0210_Z.JPG,Pole,['cracked'],,LOW,5
Y111,Y111-505580,ANNOTATED,DJI_20240409192842_0217_Z.JPG,Pole,['poletag white'],,LOW,5
Y111,Y111-505580,ANNOTATED,DJI_20240409192945_0228_Z.JPG,Pole,"['rotten', 'cracked']",,HIGH,8
Y111,Y111-505580,ANNOTATED,DJI_20240409192659_0190_Z.JPG,Pole,['cracked'],,LOW,1
Y111,Y111-505580,ANNOTATED,DJI_20240409192702_0191_Z.JPG,Pole,['cracked'],,MEDIUM,1
Y111,Y111-505580,ANNOTATED,DJI_20240409192704_0192_Z.JPG,Pole,['cracked'],,HIGH,1
Y111,Y111-505582,ANNOTATED,DJI_20240409192337_0153_Z.JPG,Pole,['cracked'],,LOW,1
Y111,Y111-505582,ANNOTATED,DJI_20240409192324_0151_Z.JPG,Pole,['cracked'],,MEDIUM,1
Y111,Y111-505582,ANNOTATED,DJI_20240409192343_0156_Z.JPG,Pole,['cracked'],,MEDIUM,1
Y111,Y111-505582,ANNOTATED,DJI_20240409192345_0157_Z.JPG,Pole,['cracked'],,LOW,1
Y111,Y111-505582,ANNOTATED,DJI_20240409192515_0172_Z.JPG,Pole,['cracked'],,MEDIUM,5
Y111,Y111-505582,ANNOTATED,DJI_20240409192521_0174_Z.JPG,Pole,"['rotten', 'cracked']",,LOW,5
Y111,Y111-505582,ANNOTATED,DJI_20240409192523_0175_Z.JPG,Pole,['cracked'],,MEDIUM,5
Y111,Y111-505582,ANNOTATED,DJI_20240409192525_0176_Z.JPG,Pole,['cracked'],,LOW,5
Y111,Y111-505582,ANNOTATED,DJI_20240409192339_0154_Z.JPG,Pole,['cracked'],,LOW,1
Y111,Y111-505585,ANNOTATED,DJI_20240409191218_0028_Z.JPG,Cross Arm,['cracked'],,LOW,5
Y111,Y111-505585,ANNOTATED,DJI_20240409191029_0013_Z.JPG,Pole,['cracked'],,LOW,0
Y111,Y111-505585,ANNOTATED,DJI_20240409191110_0018_Z.JPG,Hardware,['loose'],,LOW,0
Y111,Y111-505585,ANNOTATED,DJI_20240409191136_0022_Z.JPG,Pole,['cracked'],,LOW,0
Y111,Y111-505585,ANNOTATED,DJI_20240409191230_0032_Z.JPG,Pole,['cracked'],,LOW,5
Y111,Y111-505585,ANNOTATED,DJI_20240409191237_0035_Z.JPG,Pole,['cracked'],,MEDIUM,5
Y111,Y111-505585,ANNOTATED,DJI_20240409191031_0014_Z.JPG,Pole,['cracked'],,MEDIUM,0
Y111,Y111-505585,ANNOTATED,DJI_20240409191029_0013_Z.JPG,Pole,['cracked'],,LOW,0
Y111,Y111-505588,ANNOTATED,DJI_20240409194949_0004_Z.JPG,Pole,['cracked'],,LOW,1
Y111,Y111-505588,ANNOTATED,DJI_20240409195139_0028_Z.JPG,Pole,['cracked'],,MEDIUM,5
Y111,Y111-505588,ANNOTATED,DJI_20240409195144_0030_Z.JPG,Pole,['cracked'],,LOW,5
Y111,Y111-505588,ANNOTATED,DJI_20240409195149_0032_Z.JPG,Pole,['cracked'],,LOW,5
Y111,Y111-505589,ANNOTATED,DJI_20240409195521_0062_Z.JPG,Pole,['cracked'],,MEDIUM,5
Y111,Y111-505589,ANNOTATED,DJI_20240409195422_0051_Z.JPG,Footings,['cracked'],,MEDIUM,1
Y111,Y111-505589,ANNOTATED,DJI_20240409195524_0063_Z.JPG,Pole,['cracked'],,LOW,5
Y111,Y111-505589,ANNOTATED,DJI_20240409195529_0065_Z.JPG,Pole,['cracked'],,LOW,5
Y111,Y111-505589,ANNOTATED,DJI_20240409195534_0067_Z.JPG,Pole,['cracked'],,MEDIUM,5
Y111,Y111-505589,ANNOTATED,DJI_20240409195633_0080_Z.JPG,Pole,['cracked'],,MEDIUM,7
Y111,Y111-505591,ANNOTATED,DJI_20240409195752_0087_Z.JPG,Footings,['cracked'],,MEDIUM,1
Y111,Y111-505591,ANNOTATED,DJI_20240409195807_0091_Z.JPG,Pole,['cracked'],,LOW,1
Y111,Y111-505591,ANNOTATED,DJI_20240409195911_0104_Z.JPG,Pole,['cracked'],,LOW,5
Y111,Y111-505591,ANNOTATED,DJI_20240409200006_0117_Z.JPG,Hardware,"['loose', 'missing nuts']",,HIGH,5
Y111,Y111-505591,ANNOTATED,DJI_20240409195804_0090_Z.JPG,Pole,['cracked'],,LOW,1
Y111,Y111-505593,ANNOTATED,DJI_20240409200210_0125_Z.JPG,Pole,['cracked'],,LOW,1
Y111,Y111-505593,ANNOTATED,DJI_20240409200226_0130_Z.JPG,Pole,['cracked'],,LOW,1
Y111,Y111-505593,ANNOTATED,DJI_20240409200348_0143_Z.JPG,Pole,['cracked'],,MEDIUM,5
Y111,Y111-505593,ANNOTATED,DJI_20240409200212_0126_Z.JPG,Footings,['cracked'],,HIGH,1
Y111,Y111-505593,ANNOTATED,DJI_20240409200358_0147_Z.JPG,Pole,['cracked'],,MEDIUM,5
Y111,Y111-505593,ANNOTATED,DJI_20240409200454_0157_W.JPG,Insulator,['not plumb'],,LOW,6
Y111,Y111-505593,ANNOTATED,DJI_20240409200206_0124_Z.JPG,Pole,['cracked'],,MEDIUM,1
Y111,Y111-505596,ANNOTATED,DJI_20240409091645_0006_Z.JPG,Pole,['cracked'],,LOW,1
Y111,Y111-505597,ANNOTATED,DJI_20240409092037_0047_Z.JPG,Pole,['cracked'],,LOW,1
Y111,Y111-505597,ANNOTATED,DJI_20240409092026_0043_Z.JPG,Pole,['cracked'],,MEDIUM,1
Y111,Y111-505597,ANNOTATED,DJI_20240409092025_0042_Z.JPG,Pole,['cracked'],,LOW,1
Y111,Y111-505597,ANNOTATED,DJI_20240409092021_0039_Z.JPG,Pole,['cracked'],,LOW,1
Y111,Y111-505597,ANNOTATED,DJI_20240409092040_0049_Z.JPG,Pole,['cracked'],,LOW,1
Y111,Y111-505597,ANNOTATED,DJI_20240409092035_0046_Z.JPG,Pole,['cracked'],,MEDIUM,1
Y111,Y111-505600,ANNOTATED,DJI_20240409090943_0156_Z.JPG,Pole,['rotten'],,LOW,1
Y111,Y111-505600,ANNOTATED,DJI_20240409091126_0176_Z.JPG,Pole,['cracked'],,LOW,5
Y111,Y111-505600,ANNOTATED,DJI_20240409091125_0175_Z.JPG,Pole,['cracked'],,LOW,5
Y111,Y111-505600,ANNOTATED,DJI_20240409091121_0174_Z.JPG,Pole,['cracked'],,LOW,5
Y111,Y111-505600,ANNOTATED,DJI_20240409091117_0171_Z.JPG,Pole,['cracked'],,MEDIUM,5
Y111,Y111-505600,ANNOTATED,DJI_20240409091129_0178_Z.JPG,Pole,['cracked'],,LOW,5
Y111,Y111-505600,ANNOTATED,DJI_20240409090948_0160_Z.JPG,Pole,"['rotten', 'cracked']",,LOW,1
Y111,Y111-505600,ANNOTATED,DJI_20240409090944_0157_Z.JPG,Pole,['cracked'],,LOW,1
Y111,Y111-505600,ANNOTATED,DJI_20240409091129_0178_Z.JPG,Pole,['cracked'],,LOW,5
Y111,Y111-505602,ANNOTATED,DJI_20240409090515_0112_Z.JPG,Pole,['cracked'],,MEDIUM,1
Y111,Y111-505602,ANNOTATED,DJI_20240409090517_0113_Z.JPG,Pole,['cracked'],,LOW,1
Y111,Y111-505602,ANNOTATED,DJI_20240409090518_0114_Z.JPG,Pole,['cracked'],,MEDIUM,1
Y111,Y111-505602,ANNOTATED,DJI_20240409090520_0115_Z.JPG,Pole,['cracked'],,MEDIUM,1
Y111,Y111-505602,ANNOTATED,DJI_20240409090530_0118_Z.JPG,Pole,['cracked'],,LOW,1
Y111,Y111-505602,ANNOTATED,DJI_20240409090832_0147_W.JPG,Pole,['cracked'],,HIGH,0
Y111,Y111-505602,ANNOTATED,DJI_20240409090713_0136_Z.JPG,Pole,['cracked'],,MEDIUM,5
Y111,Y111-505602,ANNOTATED,DJI_20240409090711_0135_Z.JPG,Footings,['cracked'],,MEDIUM,5
Y111,Y111-505602,ANNOTATED,DJI_20240409090607_0121_Z.JPG,Hardware,['rusted'],,LOW,1
Y111,Y111-505602,ANNOTATED,DJI_20240409090706_0133_Z.JPG,Pole,['cracked'],,MEDIUM,5
Y111,Y111-505602,ANNOTATED,DJI_20240409090705_0132_Z.JPG,Pole,['cracked'],,MEDIUM,5
Y111,Y111-505602,ANNOTATED,DJI_20240409090832_0147_W.JPG,Pole,['cracked'],,HIGH,0
Y111,Y111-505604,ANNOTATED,DJI_20240409085834_0057_Z.JPG,Pole,"['rotten', 'cracked']",,LOW,1
Y111,Y111-505604,ANNOTATED,DJI_20240409085814_0047_Z.JPG,Pole,['cracked'],,LOW,0
Y111,Y111-505604,ANNOTATED,DJI_20240409085822_0051_Z.JPG,Pole,['cracked'],,MEDIUM,1
Y111,Y111-505604,ANNOTATED,DJI_20240409085837_0059_Z.JPG,Pole,['cracked'],,LOW,1
Y111,Y111-505604,ANNOTATED,DJI_20240409085928_0066_Z.JPG,Hardware,['rusted'],,LOW,1
Y111,Y111-505604,ANNOTATED,DJI_20240409090037_0078_Z.JPG,Pole,['cracked'],,MEDIUM,5
Y111,Y111-505606,ANNOTATED,DJI_20240409085048_0003_Z.JPG,Pole,['cracked'],,LOW,1
Y111,Y111-505606,ANNOTATED,DJI_20240409085051_0006_Z.JPG,Pole,['cracked'],,MEDIUM,1
Y111,Y111-505606,ANNOTATED,DJI_20240409085057_0009_Z.JPG,Pole,['cracked'],,LOW,1
Y111,Y111-505606,ANNOTATED,DJI_20240409085621_0037_Z.JPG,Hardware,['rusted'],,LOW,5
Y111,Y111-505606,ANNOTATED,DJI_20240409085049_0004_Z.JPG,Pole,['cracked'],,LOW,1
Y111,Y111-505606,ANNOTATED,DJI_20240409085218_0012_Z.JPG,Hardware,['rusted'],,LOW,1
Y111,Y111-505606,ANNOTATED,DJI_20240409085218_0012_Z.JPG,Insulator,['rusted'],,LOW,1
Y111,Y111-505606,ANNOTATED,DJI_20240409085456_0023_Z.JPG,Pole,"['rotten', 'cracked']",,LOW,5
Y111,Y111-505606,ANNOTATED,DJI_20240409085500_0026_Z.JPG,Pole,"['rotten', 'cracked']",,LOW,5
Y111,Y111-505606,ANNOTATED,DJI_20240409085509_0031_Z.JPG,Pole,['cracked'],,LOW,5
Y111,Y111-505608,ANNOTATED,DJI_20240408174851_0006_Z.JPG,Pole,['cracked'],,LOW,1
Y111,Y111-505608,ANNOTATED,DJI_20240408175045_0023_Z.JPG,Pole,['cracked'],,LOW,5
Y111,Y111-505610,ANNOTATED,DJI_20240408175333_0048_Z.JPG,Pole,['cracked'],,LOW,1
Y111,Y111-505610,ANNOTATED,DJI_20240408175331_0047_Z.JPG,Pole,['cracked'],,LOW,1
Y111,Y111-505610,ANNOTATED,DJI_20240408175506_0065_Z.JPG,Pole,"['rotten', 'cracked']",,HIGH,5
Y111,Y111-505610,ANNOTATED,DJI_20240408175504_0064_Z.JPG,Pole,['cracked'],,LOW,5
Y111,Y111-505610,ANNOTATED,DJI_20240408175459_0062_Z.JPG,Pole,['cracked'],,LOW,5
Y111,Y111-505610,ANNOTATED,DJI_20240408175329_0046_Z.JPG,Pole,['cracked'],,MEDIUM,1
Y111,Y111-505610,ANNOTATED,DJI_20240408175322_0043_Z.JPG,Pole,"['rotten', 'cracked']",,MEDIUM,1
Y111,Y111-505610,ANNOTATED,DJI_20240408175321_0042_Z.JPG,Pole,['cracked'],,MEDIUM,1
Y111,Y111-505612,ANNOTATED,DJI_20240408175842_0101_Z.JPG,Pole,['cracked'],,LOW,5
Y111,Y111-505612,ANNOTATED,DJI_20240408175711_0079_Z.JPG,Pole,['cracked'],,MEDIUM,1
Y111,Y111-505612,ANNOTATED,DJI_20240408175717_0082_Z.JPG,Pole,['cracked'],,MEDIUM,1
Y111,Y111-505612,ANNOTATED,DJI_20240408175835_0098_Z.JPG,Footings,['rotten'],,LOW,5
Y111,Y111-505612,ANNOTATED,DJI_20240408175838_0099_Z.JPG,Pole,['cracked'],,MEDIUM,5
Y111,Y111-505612,ANNOTATED,DJI_20240408175839_0100_Z.JPG,Pole,['cracked'],,MEDIUM,5
Y111,Y111-505613,ANNOTATED,DJI_20240408180156_0135_Z.JPG,Pole,['cracked'],,HIGH,5
Y111,Y111-505613,ANNOTATED,DJI_20240408180048_0115_Z.JPG,Pole,['cracked'],,MEDIUM,1
Y111,Y111-505613,ANNOTATED,DJI_20240408180055_0118_Z.JPG,Pole,"['rotten', 'cracked']",,MEDIUM,1
Y111,Y111-505613,ANNOTATED,DJI_20240408180153_0133_Z.JPG,Pole,['cracked'],,MEDIUM,5
Y111,Y111-505613,ANNOTATED,DJI_20240408180212_0138_Z.JPG,Pole,['cracked'],,HIGH,5
Y111,Y111-505615,ANNOTATED,DJI_20240408180431_0156_Z.JPG,Pole,['cracked'],,MEDIUM,1
Y111,Y111-505615,ANNOTATED,DJI_20240408180420_0152_Z.JPG,Pole,['cracked'],,LOW,1
Y111,Y111-505615,ANNOTATED,DJI_20240408180429_0155_Z.JPG,Pole,"['rotten', 'cracked']",,LOW,1
Y111,Y111-505615,ANNOTATED,DJI_20240408180500_0162_Z.JPG,Insulator,['broken'],,LOW,1
Y111,Y111-505615,ANNOTATED,DJI_20240408180539_0168_Z.JPG,Pole,['cracked'],,LOW,5
Y111,Y111-505615,ANNOTATED,DJI_20240408180543_0170_Z.JPG,Pole,['cracked'],,MEDIUM,5
Y111,Y111-505615,ANNOTATED,DJI_20240408180546_0171_Z.JPG,Pole,['cracked'],,HIGH,5
Y111,Y111-505620,ANNOTATED,DJI_20240409045925_0196_Z.JPG,Pole,['cracked'],,MEDIUM,3
Y111,Y111-505620,ANNOTATED,DJI_20240409050008_0207_Z.JPG,Hardware,['rusted'],,LOW,3
Y111,Y111-505620,ANNOTATED,DJI_20240409050117_0223_Z.JPG,Pole,['cracked'],,MEDIUM,7
Y111,Y111-505620,ANNOTATED,DJI_20240409050014_0209_Z.JPG,Hardware,['rusted'],,LOW,3
Y111,Y111-505620,ANNOTATED,DJI_20240409050002_0205_Z.JPG,Hardware,['rusted'],,LOW,3
Y111,Y111-505622,ANNOTATED,DJI_20240409052554_0050_Z.JPG,Pole,['cracked'],,MEDIUM,7
Y111,Y111-505622,ANNOTATED,DJI_20240409052548_0047_Z.JPG,Pole,['cracked'],,MEDIUM,7
Y111,Y111-505622,ANNOTATED,DJI_20240409052540_0043_Z.JPG,Pole,['cracked'],,LOW,7
Y111,Y111-505622,ANNOTATED,DJI_20240409052411_0023_Z.JPG,Pole,['cracked'],,LOW,3
Y111,Y111-505622,ANNOTATED,DJI_20240409052427_0026_Z.JPG,Hardware,['rusted'],,LOW,3
Y111,Y111-505622,ANNOTATED,DJI_20240409052334_0008_Z.JPG,Pole,['cracked'],,LOW,3
Y111,Y111-505622,ANNOTATED,DJI_20240409052328_0005_Z.JPG,Pole,['cracked'],,LOW,3
Y111,Y111-505622,ANNOTATED,DJI_20240409052546_0046_Z.JPG,Pole,['cracked'],,LOW,7
Y111,Y111-505622,ANNOTATED,DJI_20240409052524_0036_Z.JPG,Pole,"['rotten', 'cracked']",,LOW,7
Y111,Y111-505624,ANNOTATED,DJI_20240409052826_0074_Z.JPG,Pole,['cracked'],,MEDIUM,3
Y111,Y111-505624,ANNOTATED,DJI_20240409052858_0084_Z.JPG,Hardware,['rusted'],,LOW,3
Y111,Y111-505624,ANNOTATED,DJI_20240409052847_0080_Z.JPG,Hardware,['rusted'],,LOW,3
Y111,Y111-505624,ANNOTATED,DJI_20240409052833_0078_Z.JPG,Footings,['cracked'],,HIGH,3
Y111,Y111-505624,ANNOTATED,DJI_20240409052830_0076_Z.JPG,Pole,['cracked'],,HIGH,3
Y111,Y111-505624,ANNOTATED,DJI_20240409052823_0072_Z.JPG,Pole,['cracked'],,MEDIUM,3
Y111,Y111-505624,ANNOTATED,DJI_20240409052812_0068_Z.JPG,Pole,['cracked'],,LOW,3
Y111,Y111-505624,ANNOTATED,DJI_20240409052807_0065_Z.JPG,Pole,['cracked'],,LOW,3
Y111,Y111-505624,ANNOTATED,DJI_20240409052805_0064_Z.JPG,Pole,['cracked'],,LOW,3
Y111,Y111-505624,ANNOTATED,DJI_20240409052945_0091_Z.JPG,Pole,['cracked'],,MEDIUM,7
Y111,Y111-505624,ANNOTATED,DJI_20240409052949_0093_Z.JPG,Pole,['cracked'],,HIGH,7
Y111,Y111-505624,ANNOTATED,DJI_20240409052951_0094_Z.JPG,Pole,['cracked'],,HIGH,7
Y111,Y111-505624,ANNOTATED,DJI_20240409053006_0098_Z.JPG,Pole,['cracked'],,HIGH,7
Y111,Y111-505624,ANNOTATED,DJI_20240409053013_0101_Z.JPG,Pole,['cracked'],,MEDIUM,7
Y111,Y111-505624,ANNOTATED,DJI_20240409053020_0105_Z.JPG,Pole,['cracked'],,MEDIUM,7
Y111,Y111-505624,ANNOTATED,DJI_20240409052943_0090_Z.JPG,Pole,['cracked'],,MEDIUM,7
Y111,Y111-505625,ANNOTATED,DJI_20240408182901_0083_Z.JPG,Pole,['cracked'],,LOW,5
Y111,Y111-505625,ANNOTATED,DJI_20240408182750_0071_Z.JPG,Pole,['poletag white'],,LOW,1
Y111,Y111-505625,ANNOTATED,DJI_20240408182913_0087_Z.JPG,Pole,['cracked'],,LOW,5
Y111,Y111-505633,ANNOTATED,DJI_20240408181534_0028_Z.JPG,Pole,['cracked'],,LOW,5
Y111,Y111-505633,ANNOTATED,DJI_20240408181404_0003_Z.JPG,Pole,"['cracked', 'rotten']",,MEDIUM,1
Y111,Y111-505633,ANNOTATED,DJI_20240408181518_0021_Z.JPG,Pole,['cracked'],,HIGH,5
Y111,Y111-505633,ANNOTATED,DJI_20240408181409_0006_Z.JPG,Pole,['poletag white'],,LOW,1
Y111,Y111-505633,ANNOTATED,DJI_20240408181414_0007_Z.JPG,Pole,['cracked'],,MEDIUM,1
Y111,Y111-505633,ANNOTATED,DJI_20240408181405_0004_Z.JPG,Pole,['cracked'],,MEDIUM,1
Y111,Y111-505633,ANNOTATED,DJI_20240408181530_0026_Z.JPG,Pole,"['rotten', 'cracked']",,LOW,5
Y111,Y111-505633,ANNOTATED,DJI_20240408181527_0025_Z.JPG,Pole,['cracked'],,LOW,5
Y111,Y111-505637,ANNOTATED,DJI_20240409212818_0112_Z.JPG,Pole,['cracked'],,LOW,3
Y111,Y111-505637,ANNOTATED,DJI_20240409213108_0156_Z.JPG,Pole,['poletag white'],,LOW,7
Y111,Y111-505637,ANNOTATED,DJI_20240409212826_0116_Z.JPG,Pole,['cracked'],,LOW,3
Y111,Y111-505637,ANNOTATED,DJI_20240409212841_0120_Z.JPG,Pole,"['rotten', 'cracked']",,HIGH,3
Y111,Y111-505637,ANNOTATED,DJI_20240409212854_0126_Z.JPG,Pole,"['rotten', 'cracked']",,LOW,3
Y111,Y111-505637,ANNOTATED,DJI_20240409213024_0138_Z.JPG,Pole,"['rotten', 'cracked']",,HIGH,7
Y111,Y111-505637,ANNOTATED,DJI_20240409213053_0148_Z.JPG,Pole,"['rotten', 'cracked']",,LOW,7
Y111,Y111-505639,ANNOTATED,DJI_20240409213754_0010_Z.JPG,Pole,['cracked'],,LOW,3
Y111,Y111-505639,ANNOTATED,DJI_20240409214054_0047_Z.JPG,Pole,['poletag white'],,LOW,7
Y111,Y111-505639,ANNOTATED,DJI_20240409213843_0020_Z.JPG,Hardware,['rusted'],,LOW,3
Y111,Y111-505639,ANNOTATED,DJI_20240409214006_0030_Z.JPG,Pole,['cracked'],,LOW,7
Y111,Y111-505639,ANNOTATED,DJI_20240409213812_0015_Z.JPG,Pole,['cracked'],,LOW,3
Y111,Y111-505639,ANNOTATED,DJI_20240409214038_0039_Z.JPG,Pole,['cracked'],,HIGH,7
Y111,Y111-505639,ANNOTATED,DJI_20240409213743_0005_Z.JPG,Pole,['cracked'],,MEDIUM,3
Y111,Y111-505639,ANNOTATED,DJI_20240409213756_0011_Z.JPG,Pole,['cracked'],,MEDIUM,3
Y111,Y111-505645,ANNOTATED,DJI_20240409215412_0183_Z.JPG,Pole,['cracked'],,MEDIUM,3
Y111,Y111-505645,ANNOTATED,DJI_20240409215427_0187_Z.JPG,Pole,['rotten'],,MEDIUM,3
Y111,Y111-505645,ANNOTATED,DJI_20240409215429_0188_Z.JPG,Pole,['cracked'],,LOW,3
Y111,Y111-505645,ANNOTATED,DJI_20240409215435_0191_Z.JPG,Pole,['cracked'],,HIGH,3
Y111,Y111-505645,ANNOTATED,DJI_20240409215518_0197_Z.JPG,Hardware,['rusted'],,LOW,3
Y111,Y111-505645,ANNOTATED,DJI_20240409215547_0201_W.JPG,Insulator,['not plumb'],,LOW,6
Y111,Y111-505645,ANNOTATED,DJI_20240409215643_0218_Z.JPG,Pole,['poletag white'],,LOW,7
Y111,Y111-505645,ANNOTATED,DJI_20240409215628_0211_Z.JPG,Pole,['cracked'],,LOW,7
Y111,Y111-505645,ANNOTATED,DJI_20240409215626_0210_Z.JPG,Pole,['cracked'],,LOW,7
Y111,Y111-505645,ANNOTATED,DJI_20240409215601_0203_Z.JPG,Pole,"['rotten', 'cracked']",,MEDIUM,7
Y111,Y111-505645,ANNOTATED,DJI_20240409215431_0189_Z.JPG,Pole,['cracked'],,LOW,3
Y111,Y111-505645,ANNOTATED,DJI_20240409215409_0181_Z.JPG,Pole,['cracked'],,MEDIUM,3
Y111,Y111-505645,ANNOTATED,DJI_20240409215411_0182_Z.JPG,Pole,['cracked'],,MEDIUM,3
Y111,Y111-505648,ANNOTATED,DJI_20240409102233_0135_Z.JPG,Footings,['cracked'],,HIGH,5
Y111,Y111-505648,ANNOTATED,DJI_20240409102234_0136_Z.JPG,Pole,['cracked'],,MEDIUM,5
Y111,Y111-505648,ANNOTATED,DJI_20240409102225_0129_Z.JPG,Pole,['cracked'],,LOW,5
Y111,Y111-505648,ANNOTATED,DJI_20240409102154_0122_Z.JPG,Hardware,['rusted'],,LOW,1
Y111,Y111-505648,ANNOTATED,DJI_20240409102108_0115_Z.JPG,Pole,['cracked'],,LOW,1
Y111,Y111-505648,ANNOTATED,DJI_20240409102101_0110_Z.JPG,Pole,['cracked'],,HIGH,1
Y111,Y111-505648,ANNOTATED,DJI_20240409102237_0138_Z.JPG,Pole,['cracked'],,LOW,5
Y111,Y111-505650,ANNOTATED,DJI_20240409101928_0098_Z.JPG,Pole,['cracked'],,LOW,5
Y111,Y111-505650,ANNOTATED,DJI_20240409101924_0095_Z.JPG,Pole,['cracked'],,MEDIUM,5
Y111,Y111-505650,ANNOTATED,DJI_20240409101920_0093_Z.JPG,Pole,['cracked'],,MEDIUM,5
Y111,Y111-505650,ANNOTATED,DJI_20240409101916_0090_Z.JPG,Pole,"['rotten', 'cracked']",,LOW,5
Y111,Y111-505650,ANNOTATED,DJI_20240409101748_0075_Z.JPG,Pole,"['rotten', 'cracked']",,MEDIUM,1
Y111,Y111-505651,ANNOTATED,DJI_20240409101241_0031_Z.JPG,Pole,['cracked'],,LOW,1
Y111,Y111-505651,ANNOTATED,DJI_20240409101238_0029_Z.JPG,Pole,"['rotten', 'cracked']",,MEDIUM,1
Y111,Y111-505651,ANNOTATED,DJI_20240409101522_0060_Z.JPG,Hardware,['rusted'],,LOW,5
Y111,Y111-505651,ANNOTATED,DJI_20240409101526_0062_Z.JPG,review,['unsure'],,LOW,5
Y111,Y111-505651,ANNOTATED,DJI_20240409101457_0059_Z.JPG,Pole,"['rotten', 'cracked']",,LOW,5
Y111,Y111-505651,ANNOTATED,DJI_20240409101348_0045_Z.JPG,Hardware,['rusted'],,LOW,1
Y111,Y111-505651,ANNOTATED,DJI_20240409101255_0040_Z.JPG,Pole,['cracked'],,LOW,1
Y111,Y111-505651,ANNOTATED,DJI_20240409101250_0035_Z.JPG,Footings,['cracked'],,MEDIUM,1
Y111,Y111-505654,ANNOTATED,DJI_20240409101123_0018_Z.JPG,Pole,['cracked'],,LOW,5
Y111,Y111-505654,ANNOTATED,DJI_20240409101035_0002_Z.JPG,Pole,['cracked'],,MEDIUM,5
Y111,Y111-505654,ANNOTATED,DJI_20240409101048_0012_Z.JPG,Pole,['cracked'],,LOW,5
Y111,Y111-505654,ANNOTATED,DJI_20240409101051_0013_Z.JPG,Pole,['cracked'],,LOW,5
Y111,Y111-505654,ANNOTATED,DJI_20240409101054_0015_Z.JPG,Pole,['cracked'],,LOW,5
Y111,Y111-505657,ANNOTATED,DJI_20240409112021_0007_Z.JPG,Pole,['cracked'],,MEDIUM,1
Y111,Y111-505657,ANNOTATED,DJI_20240409112014_0005_Z.JPG,Pole,"['rotten', 'cracked']",,LOW,1
Y111,Y111-505657,ANNOTATED,DJI_20240409112149_0008_Z.JPG,Pole,['cracked'],,HIGH,5
Y111,Y111-505657,ANNOTATED,DJI_20240409112157_0012_Z.JPG,Pole,['cracked'],,MEDIUM,5
Y111,Y111-505658,ANNOTATED,DJI_20240409112431_0031_Z.JPG,Pole,['cracked'],,LOW,1
Y111,Y111-505658,ANNOTATED,DJI_20240409112426_0029_Z.JPG,Pole,['cracked'],,MEDIUM,1
Y111,Y111-505658,ANNOTATED,DJI_20240409112429_0030_Z.JPG,Pole,['cracked'],,MEDIUM,1
Y111,Y111-505658,ANNOTATED,DJI_20240409112604_0051_Z.JPG,Pole,['cracked'],,MEDIUM,5
Y111,Y111-505661,ANNOTATED,DJI_20240409112825_0073_Z.JPG,Pole,['cracked'],,LOW,1
Y111,Y111-505661,ANNOTATED,DJI_20240409112822_0071_Z.JPG,Pole,['cracked'],,MEDIUM,1
Y111,Y111-505661,ANNOTATED,DJI_20240409112826_0074_Z.JPG,Pole,['cracked'],,LOW,1
Y111,Y111-505663,ANNOTATED,DJI_20240409113353_0128_Z.JPG,Pole,['cracked'],,MEDIUM,5
Y111,Y111-505663,ANNOTATED,DJI_20240409113200_0107_Z.JPG,Pole,['cracked'],,LOW,1
Y111,Y111-505663,ANNOTATED,DJI_20240409113203_0109_Z.JPG,Pole,['cracked'],,LOW,1
Y111,Y111-505663,ANNOTATED,DJI_20240409113217_0113_Z.JPG,Pole,['cracked'],,LOW,1
Y111,Y111-505663,ANNOTATED,DJI_20240409113255_0120_Z.JPG,Hardware,['rusted'],,LOW,1
Y111,Y111-505663,ANNOTATED,DJI_20240409113400_0131_Z.JPG,Pole,['cracked'],,MEDIUM,5
Y111,Y111-505665,ANNOTATED,DJI_20240409223049_0113_Z.JPG,Pole,['cracked'],,LOW,3
Y111,Y111-505665,ANNOTATED,DJI_20240409223421_0150_Z.JPG,Pole,['rotten'],,LOW,7
Y111,Y111-505665,ANNOTATED,DJI_20240409223110_0120_Z.JPG,Pole,"['rotten', 'cracked']",,LOW,3
Y111,Y111-505667,ANNOTATED,DJI_20240410003232_0049_Z.JPG,Pole,['cracked'],,MEDIUM,3
Y111,Y111-505667,ANNOTATED,DJI_20240410003232_0049_Z.JPG,Pole,['cracked'],,LOW,3
Y111,Y111-505667,ANNOTATED,DJI_20240410003236_0051_Z.JPG,Pole,['cracked'],,HIGH,3
Y111,Y111-505667,ANNOTATED,DJI_20240410003239_0053_Z.JPG,Pole,['cracked'],,HIGH,3
Y111,Y111-505667,ANNOTATED,DJI_20240410003432_0076_Z.JPG,Pole,['cracked'],,MEDIUM,7
Y111,Y111-505667,ANNOTATED,DJI_20240410003423_0074_Z.JPG,Pole,['cracked'],,MEDIUM,7
Y111,Y111-505667,ANNOTATED,DJI_20240410003421_0073_Z.JPG,Pole,['cracked'],,LOW,7
Y111,Y111-505667,ANNOTATED,DJI_20240410003418_0071_Z.JPG,Pole,['cracked'],,MEDIUM,7
Y111,Y111-505667,ANNOTATED,DJI_20240410003416_0070_Z.JPG,Pole,['cracked'],,HIGH,7
Y111,Y111-505668,ANNOTATED,DJI_20240408183303_0132_Z.JPG,Pole,['poletag white'],,LOW,5
Y111,Y111-505668,ANNOTATED,DJI_20240408183049_0107_Z.JPG,Pole,['cracked'],,MEDIUM,1
Y111,Y111-505668,ANNOTATED,DJI_20240408183032_0102_Z.JPG,Pole,['cracked'],,LOW,1
Y111,Y111-505668,ANNOTATED,DJI_20240408183034_0103_Z.JPG,Pole,['cracked'],,MEDIUM,1
Y111,Y111-505668,ANNOTATED,DJI_20240408183401_0138_Z.JPG,Hardware,['rusted'],,LOW,5
Y111,Y111-505668,ANNOTATED,DJI_20240408183303_0132_Z.JPG,Pole,['cracked'],,MEDIUM,5
Y111,Y111-505668,ANNOTATED,DJI_20240408183301_0131_Z.JPG,Pole,['cracked'],,LOW,5
Y111,Y111-505674,ANNOTATED,DJI_20240409222648_0061_Z.JPG,Pole,['cracked'],,MEDIUM,3
Y111,Y111-505674,ANNOTATED,DJI_20240409222646_0060_Z.JPG,Pole,['cracked'],,LOW,3
Y111,Y111-505674,ANNOTATED,DJI_20240409222657_0066_Z.JPG,Pole,['cracked'],,LOW,3
Y111,Y111-505674,ANNOTATED,DJI_20240409222843_0092_Z.JPG,Pole,['cracked'],,MEDIUM,7
Y111,Y111-505674,ANNOTATED,DJI_20240409222656_0065_Z.JPG,Pole,['cracked'],,MEDIUM,3
Y111,Y111-505676,ANNOTATED,DJI_20240409222413_0033_Z.JPG,Pole,['cracked'],,LOW,7
Y111,Y111-505676,ANNOTATED,DJI_20240409222231_0005_Z.JPG,Pole,['rotten'],,LOW,3
Y111,Y111-505676,ANNOTATED,DJI_20240409222237_0008_Z.JPG,Pole,['cracked'],,MEDIUM,3
Y111,Y111-505676,ANNOTATED,DJI_20240409222239_0009_Z.JPG,Pole,['cracked'],,LOW,3
Y111,Y111-505676,ANNOTATED,DJI_20240409222251_0012_Z.JPG,Pole,['cracked'],,LOW,3
Y111,Y111-505676,ANNOTATED,DJI_20240409222253_0013_Z.JPG,Pole,['cracked'],,MEDIUM,3
Y111,Y111-505676,ANNOTATED,DJI_20240409222255_0014_Z.JPG,Pole,['cracked'],,LOW,3
Y111,Y111-505676,ANNOTATED,DJI_20240409222404_0029_Z.JPG,Pole,['cracked'],,MEDIUM,7
Y111,Y111-505678,ANNOTATED,DJI_20240410002754_0012_Z.JPG,Pole,['cracked'],,LOW,3
Y111,Y111-505678,ANNOTATED,DJI_20240410002749_0010_Z.JPG,Pole,"['rotten', 'cracked']",,LOW,3
Y111,Y111-505678,ANNOTATED,DJI_20240410002734_0005_Z.JPG,Pole,['cracked'],,LOW,3
Y111,Y111-505678,ANNOTATED,DJI_20240410002855_0014_Z.JPG,Hardware,['rusted'],,LOW,3
Y111,Y111-505680,ANNOTATED,DJI_20240410004447_0175_Z.JPG,Pole,"['rotten', 'cracked']",,LOW,7
Y111,Y111-505680,ANNOTATED,DJI_20240410004247_0147_Z.JPG,Pole,"['rotten', 'cracked']",,LOW,3
Y111,Y111-505682,ANNOTATED,DJI_20240408110408_0040_Z.JPG,Hardware,['loose'],,HIGH,1
Y111,Y111-505682,ANNOTATED,DJI_20240408110430_0049_Z.JPG,Pole,['cracked'],,HIGH,1
Y111,Y111-505682,ANNOTATED,DJI_20240408110408_0040_Z.JPG,Pole,['cracked'],,MEDIUM,1
Y111,Y111-505682,ANNOTATED,DJI_20240408110425_0047_Z.JPG,Pole,['cracked'],,MEDIUM,1
Y111,Y111-505682,ANNOTATED,DJI_20240408110429_0048_Z.JPG,Pole,['cracked'],,HIGH,1
Y111,Y111-505684,ANNOTATED,DJI_20240408105642_0010_Z.JPG,Pole,['rotten'],,LOW,1
Y111,Y111-505684,ANNOTATED,DJI_20240408105841_0030_Z.JPG,Pole,['rotten'],,LOW,3
Y111,Y111-505686,ANNOTATED,DJI_20240408140628_0011_Z.JPG,Pole,['cracked'],,LOW,5
Y111,Y111-505686,ANNOTATED,DJI_20240408140623_0008_Z.JPG,Pole,['cracked'],,LOW,5
Y111,Y111-505686,ANNOTATED,DJI_20240408140628_0011_Z.JPG,Pole,['cracked'],,LOW,5
Y111,Y111-505686,ANNOTATED,DJI_20240408140813_0024_Z.JPG,Pole,['cracked'],,LOW,1
Y111,Y111-505686,ANNOTATED,DJI_20240408140811_0023_Z.JPG,Pole,['cracked'],,LOW,1
Y111,Y111-505689,ANNOTATED,DJI_20240408141223_0060_Z.JPG,Pole,['cracked'],,MEDIUM,1
Y111,Y111-505689,ANNOTATED,DJI_20240408141236_0066_Z.JPG,Pole,['cracked'],,LOW,1
Y111,Y111-505689,ANNOTATED,DJI_20240408141235_0065_Z.JPG,Pole,['cracked'],,LOW,1
Y111,Y111-505689,ANNOTATED,DJI_20240408141238_0067_Z.JPG,Pole,"['rotten', 'cracked']",,LOW,1
Y111,Y111-505689,ANNOTATED,DJI_20240408141225_0061_Z.JPG,Pole,['cracked'],,MEDIUM,1
Y111,Y111-505691,ANNOTATED,DJI_20240408141628_0086_Z.JPG,Pole,['cracked'],,LOW,5
Y111,Y111-505691,ANNOTATED,DJI_20240408141758_0099_Z.JPG,Pole,['cracked'],,MEDIUM,1
Y111,Y111-505691,ANNOTATED,DJI_20240408141801_0101_Z.JPG,Pole,['cracked'],,MEDIUM,1
Y111,Y111-505691,ANNOTATED,DJI_20240408141811_0106_Z.JPG,Pole,['cracked'],,LOW,1
Y111,Y111-505691,ANNOTATED,DJI_20240408141619_0081_Z.JPG,Pole,['cracked'],,LOW,5
Y111,Y111-505691,ANNOTATED,DJI_20240408141756_0098_Z.JPG,Pole,"['rotten', 'cracked']",,LOW,1
Y111,Y111-505693,ANNOTATED,DJI_20240409003200_0096_Z.JPG,Pole,['cracked'],,LOW,3
Y111,Y111-505693,ANNOTATED,DJI_20240409003204_0098_Z.JPG,Pole,['cracked'],,MEDIUM,3
Y111,Y111-505693,ANNOTATED,DJI_20240409003016_0083_Z.JPG,Pole,['cracked'],,HIGH,1
Y111,Y111-505694,ANNOTATED,DJI_20240409004240_0047_Z.JPG,Pole,['cracked'],,MEDIUM,5
Y111,Y111-505694,ANNOTATED,DJI_20240409004242_0048_Z.JPG,Pole,['cracked'],,MEDIUM,5
Y111,Y111-505694,ANNOTATED,DJI_20240409004108_0030_Z.JPG,Pole,['cracked'],,MEDIUM,1
Y111,Y111-505694,ANNOTATED,DJI_20240409004237_0045_Z.JPG,Pole,['cracked'],,LOW,5
Y111,Y111-505694,ANNOTATED,DJI_20240409004210_0041_W.JPG,Insulator,['not plumb'],,LOW,2
Y111,Y111-505697,ANNOTATED,DJI_20240408131056_0007_Z.JPG,Pole,['cracked'],,LOW,3
Y111,Y111-505697,ANNOTATED,DJI_20240408131116_0015_Z.JPG,Pole,['cracked'],,LOW,3
Y111,Y111-505697,ANNOTATED,DJI_20240408131113_0013_Z.JPG,Pole,['cracked'],,LOW,3
Y111,Y111-505697,ANNOTATED,DJI_20240408131052_0005_Z.JPG,Pole,['cracked'],,LOW,3
Y111,Y111-505697,ANNOTATED,DJI_20240408131326_0045_Z.JPG,Pole,['cracked'],,LOW,7
Y111,Y111-505697,ANNOTATED,DJI_20240408131117_0016_Z.JPG,Pole,['cracked'],,LOW,3
Y111,Y111-505699,ANNOTATED,DJI_20240409004933_0105_Z.JPG,Pole,['cracked'],,LOW,1
Y111,Y111-505699,ANNOTATED,DJI_20240409004931_0104_Z.JPG,Pole,['cracked'],,MEDIUM,1
Y111,Y111-505699,ANNOTATED,DJI_20240409004938_0107_Z.JPG,Pole,['cracked'],,MEDIUM,1
Y111,Y111-505701,ANNOTATED,DJI_20240409004706_0091_Z.JPG,Pole,['cracked'],,LOW,5
Y111,Y111-505701,ANNOTATED,DJI_20240409004510_0072_Z.JPG,Pole,['cracked'],,LOW,1
Y111,Y111-505701,ANNOTATED,DJI_20240409004511_0073_Z.JPG,Pole,['cracked'],,LOW,1
Y111,Y111-505701,ANNOTATED,DJI_20240409004657_0087_Z.JPG,Pole,['cracked'],,MEDIUM,5
Y111,Y111-505701,ANNOTATED,DJI_20240409004705_0090_Z.JPG,Pole,['cracked'],,MEDIUM,5
Y111,Y111-505701,ANNOTATED,DJI_20240409004704_0089_Z.JPG,Pole,['cracked'],,MEDIUM,5
Y111,Y111-505701,ANNOTATED,DJI_20240409004708_0092_Z.JPG,Pole,['rotten'],,LOW,5
Y111,Y111-505704,ANNOTATED,DJI_20240408131538_0062_Z.JPG,Pole,"['rotten', 'cracked']",,LOW,3
Y111,Y111-505704,ANNOTATED,DJI_20240408131545_0067_Z.JPG,Pole,['cracked'],,LOW,3
Y111,Y111-505704,ANNOTATED,DJI_20240408131546_0068_Z.JPG,Pole,['cracked'],,LOW,3
Y111,Y111-505704,ANNOTATED,DJI_20240408131733_0096_Z.JPG,Pole,['rotten'],,LOW,7
Y111,Y111-505704,ANNOTATED,DJI_20240408131714_0088_Z.JPG,Pole,['rotten'],,LOW,7
Y111,Y111-505706,ANNOTATED,DJI_20240408132147_0125_Z.JPG,Pole,"['cracked', 'rotten']",,MEDIUM,3
Y111,Y111-505706,ANNOTATED,DJI_20240408132152_0129_Z.JPG,Pole,['cracked'],,MEDIUM,3
Y111,Y111-505706,ANNOTATED,DJI_20240408132153_0130_Z.JPG,Pole,['cracked'],,MEDIUM,3
Y111,Y111-505706,ANNOTATED,DJI_20240408132151_0128_Z.JPG,Pole,['cracked'],,HIGH,3
Y111,Y111-505706,ANNOTATED,DJI_20240408132150_0127_Z.JPG,Pole,['cracked'],,MEDIUM,3
Y111,Y111-505706,ANNOTATED,DJI_20240408132331_0148_Z.JPG,Pole,['cracked'],,LOW,7
Y111,Y111-505708,ANNOTATED,DJI_20240408132659_0179_Z.JPG,Pole,['cracked'],,LOW,3
Y111,Y111-505708,ANNOTATED,DJI_20240408132702_0181_Z.JPG,Pole,['cracked'],,LOW,3
Y111,Y111-505708,ANNOTATED,DJI_20240408132706_0184_Z.JPG,Pole,['cracked'],,LOW,3
Y111,Y111-505710,ANNOTATED,DJI_20240408133325_0249_Z.JPG,Pole,['cracked'],,LOW,7
Y111,Y111-505710,ANNOTATED,DJI_20240408133151_0230_Z.JPG,Pole,['cracked'],,HIGH,3
Y111,Y111-505710,ANNOTATED,DJI_20240408133159_0233_Z.JPG,Pole,['cracked'],,LOW,3
Y111,Y111-505711,ANNOTATED,DJI_20240408150526_0090_Z.JPG,Pole,"['rotten', 'cracked']",,LOW,7
Y111,Y111-505711,ANNOTATED,DJI_20240408150333_0060_Z.JPG,Pole,"['rotten', 'cracked']",,LOW,3
Y111,Y111-505711,ANNOTATED,DJI_20240408150533_0095_Z.JPG,Pole,['cracked'],,LOW,7
Y111,Y111-505714,ANNOTATED,DJI_20240408150100_0039_Z.JPG,Pole,"['rotten', 'cracked']",,MEDIUM,7
Y111,Y111-505714,ANNOTATED,DJI_20240408145902_0005_Z.JPG,Pole,"['rotten', 'cracked']",,MEDIUM,3
Y111,Y111-505714,ANNOTATED,DJI_20240408145908_0009_Z.JPG,Pole,['cracked'],,LOW,3
Y111,Y111-505716,ANNOTATED,DJI_20240409174822_0197_Z.JPG,Hardware,['worn hardware'],,MEDIUM,3
Y111,Y111-505716,ANNOTATED,DJI_20240409174840_0201_Z.JPG,Hardware,['worn hardware'],,MEDIUM,3
Y111,Y111-505716,ANNOTATED,DJI_20240409174927_0209_Z.JPG,Pole,['cracked'],,MEDIUM,7
Y111,Y111-505716,ANNOTATED,DJI_20240409174938_0213_Z.JPG,Pole,['cracked'],,MEDIUM,7
Y111,Y111-505717,ANNOTATED,DJI_20240410090007_0073_Z.JPG,Pole,['cracked'],,MEDIUM,7
Y111,Y111-505719,ANNOTATED,DJI_20240410090312_0096_Z.JPG,Hardware,['worn hardware'],,LOW,3
Y111,Y111-505719,ANNOTATED,DJI_20240410090411_0109_Z.JPG,Pole,['cracked'],,LOW,7
Y111,Y111-505719,ANNOTATED,DJI_20240410090356_0104_W.JPG,Insulator,['not plumb'],,LOW,6
Y111,Y111-505719,ANNOTATED,DJI_20240410090250_0095_Z.JPG,Pole,['cracked'],,LOW,3
Y111,Y111-505719,ANNOTATED,DJI_20240410090238_0087_Z.JPG,Pole,['cracked'],,MEDIUM,3
Y111,Y111-505721,ANNOTATED,DJI_20240410090820_0157_Z.JPG,Pole,['cracked'],,MEDIUM,7
Y111,Y111-505721,ANNOTATED,DJI_20240410090632_0134_Z.JPG,Pole,['cracked'],,MEDIUM,3
Y111,Y111-505721,ANNOTATED,DJI_20240410090826_0161_Z.JPG,Pole,['cracked'],,MEDIUM,7
Y111,Y111-505721,ANNOTATED,DJI_20240410090823_0159_Z.JPG,Pole,['cracked'],,HIGH,7
Y111,Y111-505721,ANNOTATED,DJI_20240410090822_0158_Z.JPG,Pole,['cracked'],,MEDIUM,7
Y111,Y111-505723,ANNOTATED,DJI_20240410090807_0165_Z.JPG,Pole,['cracked'],,LOW,3
Y111,Y111-505723,ANNOTATED,DJI_20240410090805_0164_Z.JPG,Pole,['cracked'],,MEDIUM,3
Y111,Y111-505723,ANNOTATED,DJI_20240410090816_0170_Z.JPG,Pole,['cracked'],,LOW,3
Y111,Y111-505723,ANNOTATED,DJI_20240410090814_0169_Z.JPG,Pole,['cracked'],,LOW,3
Y111,Y111-505723,ANNOTATED,DJI_20240410090809_0167_Z.JPG,Footings,['cracked'],,MEDIUM,3
Y111,Y111-505723,ANNOTATED,DJI_20240410090807_0165_Z.JPG,Pole,['cracked'],,MEDIUM,3
Y111,Y111-505723,ANNOTATED,DJI_20240410090813_0168_Z.JPG,Pole,['cracked'],,MEDIUM,3
Y111,Y111-505726,ANNOTATED,DJI_20240410090520_0147_Z.JPG,Pole,['cracked'],,MEDIUM,7
Y111,Y111-505726,ANNOTATED,DJI_20240410090516_0145_Z.JPG,Pole,['cracked'],,MEDIUM,7
Y111,Y111-505726,ANNOTATED,DJI_20240410090400_0129_Z.JPG,Pole,['cracked'],,HIGH,3
Y111,Y111-505726,ANNOTATED,DJI_20240410090359_0128_Z.JPG,Pole,['cracked'],,LOW,3
Y111,Y111-505727,ANNOTATED,DJI_20240410090036_0092_Z.JPG,Pole,['cracked'],,MEDIUM,3
Y111,Y111-505727,ANNOTATED,DJI_20240410090027_0090_Z.JPG,Pole,['cracked'],,LOW,3
Y111,Y111-505727,ANNOTATED,DJI_20240410090145_0109_Z.JPG,Pole,['cracked'],,MEDIUM,7
Y111,Y111-505727,ANNOTATED,DJI_20240410090143_0108_Z.JPG,Pole,['cracked'],,HIGH,7
Y111,Y111-505727,ANNOTATED,DJI_20240410090139_0105_Z.JPG,Pole,['cracked'],,LOW,7
Y111,Y111-505727,ANNOTATED,DJI_20240410090034_0091_Z.JPG,Pole,"['rotten', 'cracked']",,LOW,3
Y111,Y111-505729,ANNOTATED,DJI_20240410085709_0049_Z.JPG,Pole,['cracked'],,LOW,3
Y111,Y111-505729,ANNOTATED,DJI_20240410085720_0055_Z.JPG,Pole,['cracked'],,MEDIUM,3
Y111,Y111-505729,ANNOTATED,DJI_20240410085750_0058_Z.JPG,Hardware,['worn hardware'],,MEDIUM,3
Y111,Y111-505729,ANNOTATED,DJI_20240410085719_0054_Z.JPG,Pole,['cracked'],,MEDIUM,3
Y111,Y111-505729,ANNOTATED,DJI_20240410085716_0052_Z.JPG,Pole,"['rotten', 'cracked']",,MEDIUM,3
Y111,Y111-505729,ANNOTATED,DJI_20240410085707_0048_Z.JPG,Pole,['rotten'],,LOW,3
Y111,Y111-505729,ANNOTATED,DJI_20240410085742_0056_Z.JPG,Hardware,['worn hardware'],,MEDIUM,3
Y111,Y111-505729,ANNOTATED,DJI_20240410085717_0053_Z.JPG,Pole,['cracked'],,MEDIUM,3
Y111,Y111-505732,ANNOTATED,DJI_20240409184456_0014_Z.JPG,Pole,['cracked'],,MEDIUM,3
Y111,Y111-505732,ANNOTATED,DJI_20240409184459_0016_Z.JPG,Pole,['cracked'],,LOW,3
Y111,Y111-505733,ANNOTATED,DJI_20240409185354_0086_Z.JPG,Pole,['cracked'],,LOW,7
Y111,Y111-505733,ANNOTATED,DJI_20240409185331_0076_Z.JPG,Pole,['cracked'],,LOW,7
Y111,Y111-505733,ANNOTATED,DJI_20240409185348_0082_Z.JPG,Pole,['cracked'],,LOW,7
Y111,Y111-505736,ANNOTATED,DJI_20240409185735_0117_W.JPG,Insulator,['not plumb'],,LOW,6
Y111,Y111-505736,ANNOTATED,DJI_20240409185609_0100_Z.JPG,Pole,['cracked'],,LOW,3
Y111,Y111-505736,ANNOTATED,DJI_20240409185644_0109_Z.JPG,Hardware,['worn hardware'],,MEDIUM,3
Y111,Y111-505736,ANNOTATED,DJI_20240409185651_0111_Z.JPG,Hardware,['worn hardware'],,MEDIUM,3
Y111,Y111-505736,ANNOTATED,DJI_20240409185657_0113_Z.JPG,Hardware,['worn hardware'],,HIGH,3
Y111,Y111-505738,ANNOTATED,DJI_20240409190146_0167_Z.JPG,Pole,['cracked'],,LOW,7
Y111,Y111-505738,ANNOTATED,DJI_20240409190025_0148_Z.JPG,Pole,['cracked'],,LOW,3
Y111,Y111-505738,ANNOTATED,DJI_20240409190226_0175_Z.JPG,Hardware,['worn hardware'],,MEDIUM,7
Y111,Y111-505740,ANNOTATED,DJI_20240409190650_0217_Z.JPG,Pole,['cracked'],,LOW,7
Y111,Y111-505740,ANNOTATED,DJI_20240409190501_0198_Z.JPG,Pole,['cracked'],,MEDIUM,3
Y111,Y111-505740,ANNOTATED,DJI_20240409190458_0196_Z.JPG,Pole,['cracked'],,MEDIUM,3
Y111,Y111-505740,ANNOTATED,DJI_20240409190455_0195_Z.JPG,Pole,['cracked'],,MEDIUM,3
Y111,Y111-505740,ANNOTATED,DJI_20240409190454_0194_Z.JPG,Pole,['cracked'],,LOW,3
Y111,Y111-505740,ANNOTATED,DJI_20240409190443_0190_Z.JPG,Pole,['cracked'],,LOW,3
Y111,Y111-505740,ANNOTATED,DJI_20240409190439_0188_Z.JPG,Pole,['cracked'],,MEDIUM,3
Y111,Y111-505741,ANNOTATED,DJI_20240410055819_0191_Z.JPG,Pole,['cracked'],,LOW,7
Y111,Y111-505745,ANNOTATED,DJI_20240410055148_0100_Z.JPG,Pole,['cracked'],,LOW,7
Y111,Y111-505745,ANNOTATED,DJI_20240410055040_0083_Z.JPG,Pole,['cracked'],,MEDIUM,3
Y111,Y111-505745,ANNOTATED,DJI_20240410055043_0085_Z.JPG,Pole,['cracked'],,MEDIUM,3
Y111,Y111-505745,ANNOTATED,DJI_20240410055038_0082_Z.JPG,Pole,['cracked'],,MEDIUM,3
Y111,Y111-505745,ANNOTATED,DJI_20240410055037_0081_Z.JPG,Pole,['cracked'],,LOW,3
Y111,Y111-505745,ANNOTATED,DJI_20240410055035_0080_Z.JPG,Pole,['cracked'],,LOW,3
Y111,Y111-505746,ANNOTATED,DJI_20240410055418_0135_W.JPG,Insulator,['not plumb'],,MEDIUM,6
Y111,Y111-505746,ANNOTATED,DJI_20240410055426_0137_Z.JPG,Pole,['cracked'],,LOW,7
Y111,Y111-505748,ANNOTATED,DJI_20240410054740_0050_Z.JPG,Pole,['cracked'],,MEDIUM,3
Y111,Y111-505748,ANNOTATED,DJI_20240410054825_0059_W.JPG,Insulator,['not plumb'],,LOW,6
Y111,Y111-505748,ANNOTATED,DJI_20240410054838_0062_Z.JPG,Pole,['cracked'],,MEDIUM,7
Y111,Y111-505748,ANNOTATED,DJI_20240410054843_0065_Z.JPG,Pole,['cracked'],,LOW,7
Y111,Y111-505748,ANNOTATED,DJI_20240410054738_0048_Z.JPG,Pole,['cracked'],,LOW,3
Y111,Y111-505750,ANNOTATED,DJI_20240410054602_0030_Z.JPG,Pole,['poletag white'],,LOW,7
Y111,Y111-505755,ANNOTATED,DJI_20240410105317_0146_Z.JPG,Pole,['cracked'],,LOW,7
Y111,Y111-505755,ANNOTATED,DJI_20240410105451_0162_Z.JPG,Pole,['cracked'],,LOW,3
Y111,Y111-505755,ANNOTATED,DJI_20240410105510_0168_Z.JPG,Pole,"['rotten', 'cracked']",,LOW,3
Y111,Y111-505755,ANNOTATED,DJI_20240410105516_0171_Z.JPG,Pole,['cracked'],,LOW,3
Y111,Y111-505756,ANNOTATED,DJI_20240410104916_0099_Z.JPG,Pole,['cracked'],,MEDIUM,7
Y111,Y111-505756,ANNOTATED,DJI_20240410104948_0106_Z.JPG,Hardware,['worn hardware'],,MEDIUM,7
Y111,Y111-505756,ANNOTATED,DJI_20240410105048_0119_Z.JPG,Pole,['cracked'],,MEDIUM,3
Y111,Y111-505756,ANNOTATED,DJI_20240410105052_0121_Z.JPG,Pole,['cracked'],,MEDIUM,3
Y111,Y111-505756,ANNOTATED,DJI_20240410105101_0124_Z.JPG,Pole,['cracked'],,MEDIUM,3
Y111,Y111-505756,ANNOTATED,DJI_20240410104922_0100_Z.JPG,Pole,['rotten'],,LOW,7
Y111,Y111-505759,ANNOTATED,DJI_20240410110201_0135_Z.JPG,Pole,['cracked'],,MEDIUM,7
Y111,Y111-505759,ANNOTATED,DJI_20240410105912_0099_Z.JPG,Pole,['cracked'],,MEDIUM,3
Y111,Y111-505759,ANNOTATED,DJI_20240410105914_0100_Z.JPG,Pole,['cracked'],,MEDIUM,3
Y111,Y111-505759,ANNOTATED,DJI_20240410105916_0102_Z.JPG,Pole,['cracked'],,MEDIUM,3
Y111,Y111-505759,ANNOTATED,DJI_20240410105921_0104_Z.JPG,Pole,"['rotten', 'cracked']",,LOW,3
Y111,Y111-505759,ANNOTATED,DJI_20240410105926_0108_Z.JPG,Pole,['cracked'],,MEDIUM,3
Y111,Y111-505759,ANNOTATED,DJI_20240410105948_0112_Z.JPG,Pole,['cracked'],,MEDIUM,3
Y111,Y111-505759,ANNOTATED,DJI_20240410105950_0113_Z.JPG,Footings,['cracked'],,MEDIUM,3
Y111,Y111-505759,ANNOTATED,DJI_20240410110146_0130_Z.JPG,Pole,['cracked'],,MEDIUM,7
Y111,Y111-505762,ANNOTATED,DJI_20240410104635_0073_Z.JPG,Pole,['cracked'],,MEDIUM,3
Y111,Y111-505762,ANNOTATED,DJI_20240410104508_0051_Z.JPG,Pole,['cracked'],,MEDIUM,7
Y111,Y111-505762,ANNOTATED,DJI_20240410104636_0074_Z.JPG,Pole,['cracked'],,LOW,3
Y111,Y111-505762,ANNOTATED,DJI_20240410104510_0052_Z.JPG,Pole,['cracked'],,MEDIUM,7
Y111,Y111-505762,ANNOTATED,DJI_20240410104515_0055_Z.JPG,Pole,['cracked'],,LOW,7
Y111,Y111-505762,ANNOTATED,DJI_20240410104523_0057_Z.JPG,Pole,['cracked'],,MEDIUM,7
Y111,Y111-505762,ANNOTATED,DJI_20240410104558_0067_Z.JPG,Hardware,['worn hardware'],,MEDIUM,7
Y111,Y111-505763,ANNOTATED,DJI_20240410110825_0193_Z.JPG,Pole,['cracked'],,LOW,3
Y111,Y111-505766,ANNOTATED,DJI_20240410110427_0157_Z.JPG,Pole,['cracked'],,LOW,3
Y111,Y111-505766,ANNOTATED,DJI_20240410110430_0159_Z.JPG,Pole,['cracked'],,LOW,3
Y111,Y111-505766,ANNOTATED,DJI_20240410110431_0160_Z.JPG,Pole,['cracked'],,LOW,3
Y111,Y111-505766,ANNOTATED,DJI_20240410110421_0155_Z.JPG,Pole,['cracked'],,LOW,3
Y111,Y111-505768,ANNOTATED,DJI_20240410105626_0082_Z.JPG,Pole,['cracked'],,LOW,3
Y111,Y111-505768,ANNOTATED,DJI_20240410105628_0083_Z.JPG,Pole,['cracked'],,MEDIUM,3
Y111,Y111-505768,ANNOTATED,DJI_20240410105625_0081_Z.JPG,Pole,['cracked'],,LOW,3
Y111,Y111-505768,ANNOTATED,DJI_20240410105621_0080_Z.JPG,Footings,['cracked'],,LOW,3
Y111,Y111-505770,ANNOTATED,DJI_20240410105425_0062_W.JPG,Insulator,['not plumb'],,MEDIUM,6
Y111,Y111-505770,ANNOTATED,DJI_20240410105322_0050_Z.JPG,Pole,['rotten'],,LOW,3
Y111,Y111-505770,ANNOTATED,DJI_20240410105326_0053_Z.JPG,Pole,['cracked'],,LOW,3
Y111,Y111-505772,ANNOTATED,DJI_20240410105043_0021_W.JPG,Insulator,['not plumb'],,LOW,6
Y111,Y111-505772,ANNOTATED,DJI_20240410104910_0005_Z.JPG,Pole,['cracked'],,LOW,3
Y111,Y111-505772,ANNOTATED,DJI_20240410104917_0009_Z.JPG,Pole,"['rotten', 'cracked']",,LOW,3
Y111,Y111-505773,ANNOTATED,DJI_20240409174200_0134_Z.JPG,Pole,['cracked'],,LOW,7
Y111,Y111-505773,ANNOTATED,DJI_20240409174020_0113_Z.JPG,Pole,"['rotten', 'cracked']",,LOW,3
Y111,Y111-505775,ANNOTATED,DJI_20240409173524_0055_Z.JPG,Pole,['cracked'],,MEDIUM,3
Y111,Y111-505775,ANNOTATED,DJI_20240409173522_0054_Z.JPG,Pole,['cracked'],,MEDIUM,3
Y111,Y111-505775,ANNOTATED,DJI_20240409173530_0059_Z.JPG,Pole,['cracked'],,MEDIUM,3
Y111,Y111-505778,ANNOTATED,DJI_20240409173243_0026_Z.JPG,Pole,['cracked'],,LOW,7
Y111,Y111-505778,ANNOTATED,DJI_20240409173153_0011_Z.JPG,Pole,['cracked'],,LOW,4
Y111,Y111-505780,ANNOTATED,DJI_20240409180956_0005_Z.JPG,Pole,['cracked'],,MEDIUM,3
Y111,Y111-505780,ANNOTATED,DJI_20240409181149_0028_Z.JPG,Pole,['cracked'],,MEDIUM,7
Y111,Y111-505780,ANNOTATED,DJI_20240409181011_0011_Z.JPG,Pole,['cracked'],,LOW,3
Y111,Y111-505780,ANNOTATED,DJI_20240409181155_0031_Z.JPG,Pole,['cracked'],,LOW,7
Y111,Y111-505782,ANNOTATED,DJI_20240409181538_0061_Z.JPG,Pole,['cracked'],,LOW,7
Y111,Y111-505782,ANNOTATED,DJI_20240409181541_0063_Z.JPG,Pole,['cracked'],,LOW,7
Y111,Y111-505784,ANNOTATED,DJI_20240409162344_0102_Z.JPG,Footings,['cracked'],,LOW,3
Y111,Y111-505787,ANNOTATED,DJI_20240409140356_0070_Z.JPG,Pole,['rotten'],,LOW,7
Y111,Y111-505787,ANNOTATED,DJI_20240409140343_0066_Z.JPG,Pole,['cracked'],,LOW,7
Y111,Y111-505787,ANNOTATED,DJI_20240409140350_0069_Z.JPG,Pole,['cracked'],,LOW,7
Y111,Y111-505789,ANNOTATED,DJI_20240409135645_0007_Z.JPG,Pole,['cracked'],,LOW,3
Y111,Y111-505789,ANNOTATED,DJI_20240409135838_0023_Z.JPG,Pole,"['rotten', 'cracked']",,MEDIUM,7
Y111,Y111-505789,ANNOTATED,DJI_20240409135655_0010_Z.JPG,Pole,['cracked'],,MEDIUM,3
Y111,Y111-505789,ANNOTATED,DJI_20240409135840_0024_Z.JPG,Pole,['cracked'],,LOW,7
Y111,Y111-505790,ANNOTATED,DJI_20240411123848_0012_Z.JPG,Pole,['cracked'],,LOW,3
Y111,Y111-505790,ANNOTATED,DJI_20240411123842_0008_Z.JPG,Pole,['cracked'],,MEDIUM,3
Y111,Y111-505790,ANNOTATED,DJI_20240411123838_0005_Z.JPG,Pole,['rotten'],,LOW,3
Y111,Y111-505790,ANNOTATED,DJI_20240411124121_0042_Z.JPG,Pole,['cracked'],,LOW,7
Y111,Y111-505792,ANNOTATED,DJI_20240409134657_0157_Z.JPG,Pole,['cracked'],,MEDIUM,7
Y111,Y111-505792,ANNOTATED,DJI_20240409134414_0128_Z.JPG,Pole,['cracked'],,LOW,3
Y111,Y111-505792,ANNOTATED,DJI_20240409134636_0145_Z.JPG,Pole,['cracked'],,LOW,7
Y111,Y111-505792,ANNOTATED,DJI_20240409134647_0151_Z.JPG,Pole,['cracked'],,LOW,7
Y111,Y111-505792,ANNOTATED,DJI_20240409134653_0155_Z.JPG,Pole,['cracked'],,MEDIUM,7
Y111,Y111-505792,ANNOTATED,DJI_20240409134411_0126_Z.JPG,Pole,"['rotten', 'cracked']",,MEDIUM,3
Y111,Y111-505795,ANNOTATED,DJI_20240410003654_0095_Z.JPG,Pole,['cracked'],,LOW,3
Y111,Y111-505795,ANNOTATED,DJI_20240410003918_0120_Z.JPG,Pole,"['rotten', 'cracked']",,MEDIUM,7
Y111,Y111-505796,ANNOTATED,DJI_20240409144041_0097_Z.JPG,Pole,['cracked'],,LOW,3
Y111,Y111-505796,ANNOTATED,DJI_20240409144037_0095_Z.JPG,Pole,['cracked'],,LOW,3
Y111,Y111-505796,ANNOTATED,DJI_20240409144037_0095_Z.JPG,Pole,['cracked'],,MEDIUM,3
Y111,Y111-505796,ANNOTATED,DJI_20240409144042_0098_Z.JPG,Pole,['cracked'],,LOW,3
Y111,Y111-505799,ANNOTATED,DJI_20240409144809_0005_Z.JPG,Pole,"['rotten', 'cracked']",,LOW,3
Y111,Y111-505799,ANNOTATED,DJI_20240409144812_0007_Z.JPG,Pole,['cracked'],,LOW,3
Y111,Y111-505799,ANNOTATED,DJI_20240409144813_0008_Z.JPG,Pole,['cracked'],,LOW,3
Y111,Y111-505799,ANNOTATED,DJI_20240409144822_0013_Z.JPG,Pole,['cracked'],,MEDIUM,4
Y111,Y111-505799,ANNOTATED,DJI_20240409144820_0011_Z.JPG,Pole,['cracked'],,LOW,4
Y111,Y111-505799,ANNOTATED,DJI_20240409144953_0033_Z.JPG,Pole,['cracked'],,LOW,7
Y111,Y111-505799,ANNOTATED,DJI_20240409144949_0030_Z.JPG,Pole,['cracked'],,MEDIUM,7
Y111,Y111-505799,ANNOTATED,DJI_20240409144812_0007_Z.JPG,Pole,['cracked'],,LOW,3
Y111,Y111-505801,ANNOTATED,DJI_20240409145412_0082_Z.JPG,Pole,['cracked'],,LOW,7
Y111,Y111-505801,ANNOTATED,DJI_20240409145405_0078_Z.JPG,Pole,['cracked'],,LOW,7
Y111,Y111-505801,ANNOTATED,DJI_20240409145232_0059_Z.JPG,Pole,['rotten'],,LOW,3
Y111,Y111-505803,ANNOTATED,DJI_20240409133858_0083_Z.JPG,Pole,['cracked'],,MEDIUM,3
Y111,Y111-505803,ANNOTATED,DJI_20240409133900_0084_Z.JPG,Pole,['cracked'],,MEDIUM,3
Y111,Y111-505803,ANNOTATED,DJI_20240409132813_0003_Z.JPG,Pole,['cracked'],,LOW,1
Y111,Y111-505803,ANNOTATED,DJI_20240409132844_0010_Z.JPG,Pole,['cracked'],,LOW,1
Y111,Y111-505804,ANNOTATED,DJI_20240409133208_0037_Z.JPG,Pole,['cracked'],,LOW,5
Y111,Y111-505804,ANNOTATED,DJI_20240409133159_0031_Z.JPG,Pole,['rotten'],,LOW,5
Y111,Y111-505804,ANNOTATED,DJI_20240409133211_0039_Z.JPG,Pole,['cracked'],,LOW,5
Y111,Y111-505807,ANNOTATED,DJI_20240409143217_0010_Z.JPG,Pole,['cracked'],,MEDIUM,3
Y111,Y111-505807,ANNOTATED,DJI_20240409143206_0005_Z.JPG,Pole,['cracked'],,LOW,3
Y111,Y111-505807,ANNOTATED,DJI_20240409143214_0009_Z.JPG,Footings,['cracked'],,MEDIUM,3
Y111,Y111-505807,ANNOTATED,DJI_20240409143342_0022_Z.JPG,Pole,"['cracked', 'rotten']",,LOW,7
Y111,Y111-505808,ANNOTATED,DJI_20240409143622_0048_Z.JPG,Pole,"['rotten', 'cracked']",,LOW,3
Y111,Y111-505808,ANNOTATED,DJI_20240409143632_0052_Z.JPG,Pole,['cracked'],,LOW,3
Y111,Y111-505808,ANNOTATED,DJI_20240409143636_0055_Z.JPG,Pole,['cracked'],,LOW,3
Y111,Y111-505808,ANNOTATED,DJI_20240409143801_0068_Z.JPG,Pole,['cracked'],,MEDIUM,7
Y111,Y111-505808,ANNOTATED,DJI_20240409143803_0069_Z.JPG,Pole,['cracked'],,MEDIUM,7
Y111,Y111-505808,ANNOTATED,DJI_20240409143819_0078_Z.JPG,Pole,['cracked'],,LOW,7
Y111,Y111-505808,ANNOTATED,DJI_20240409143622_0048_Z.JPG,Pole,['cracked'],,LOW,3
Y111,Y111-505808,ANNOTATED,DJI_20240409143625_0050_Z.JPG,Pole,['cracked'],,LOW,3
Y111,Y111-505811,ANNOTATED,DJI_20240410014322_0091_Z.JPG,Pole,['cracked'],,LOW,3
Y111,Y111-505811,ANNOTATED,DJI_20240410014337_0096_Z.JPG,Pole,['cracked'],,LOW,3
Y111,Y111-505813,ANNOTATED,DJI_20240410013953_0051_Z.JPG,Pole,['cracked'],,LOW,3
Y111,Y111-505813,ANNOTATED,DJI_20240410013938_0044_Z.JPG,Pole,['cracked'],,LOW,3
Y111,Y111-505813,ANNOTATED,DJI_20240410013944_0048_Z.JPG,Pole,['cracked'],,MEDIUM,3
Y111,Y111-505813,ANNOTATED,DJI_20240410014128_0075_Z.JPG,Pole,['cracked'],,MEDIUM,7
Y111,Y111-505813,ANNOTATED,DJI_20240410013943_0047_Z.JPG,Pole,['cracked'],,LOW,3
Y111,Y111-505815,ANNOTATED,DJI_20240409151939_0006_Z.JPG,Pole,['cracked'],,MEDIUM,3
Y111,Y111-505815,ANNOTATED,DJI_20240409151943_0008_Z.JPG,Pole,['cracked'],,HIGH,3
Y111,Y111-505815,ANNOTATED,DJI_20240409152050_0022_W.JPG,Insulator,['not plumb'],,LOW,6
Y111,Y111-505815,ANNOTATED,DJI_20240409151941_0007_Z.JPG,Pole,['cracked'],,HIGH,3
Y111,Y111-505817,ANNOTATED,DJI_20240410035600_0060_W.JPG,Insulator,['not plumb'],,LOW,6
Y111,Y111-505817,ANNOTATED,DJI_20240410035438_0046_Z.JPG,Hardware,['loose'],,HIGH,3
Y111,Y111-505817,ANNOTATED,DJI_20240410035436_0045_Z.JPG,Pole,['cracked'],,LOW,3
Y111,Y111-505817,ANNOTATED,DJI_20240410035616_0064_Z.JPG,Pole,['cracked'],,MEDIUM,7
Y111,Y111-505819,ANNOTATED,DJI_20240410032920_0167_Z.JPG,Pole,['cracked'],,MEDIUM,3
Y111,Y111-505819,ANNOTATED,DJI_20240410032927_0169_Z.JPG,Pole,['cracked'],,MEDIUM,3
Y111,Y111-505819,ANNOTATED,DJI_20240410032917_0165_Z.JPG,Pole,['cracked'],,LOW,3
Y111,Y111-505819,ANNOTATED,DJI_20240410032919_0166_Z.JPG,Pole,['cracked'],,LOW,3
Y111,Y111-505821,ANNOTATED,DJI_20240410032715_0147_Z.JPG,Pole,['cracked'],,LOW,7
Y111,Y111-505821,ANNOTATED,DJI_20240410032712_0145_Z.JPG,Pole,['cracked'],,LOW,7
Y111,Y111-505821,ANNOTATED,DJI_20240410032642_0137_Z.JPG,Hardware,['worn hardware'],,MEDIUM,3
Y111,Y111-505821,ANNOTATED,DJI_20240410032709_0143_Z.JPG,Pole,['cracked'],,MEDIUM,7
Y111,Y111-505821,ANNOTATED,DJI_20240410032605_0132_Z.JPG,Pole,['cracked'],,MEDIUM,3
Y111,Y111-505821,ANNOTATED,DJI_20240410032723_0151_Z.JPG,Pole,['cracked'],,LOW,7
Y111,Y111-505821,ANNOTATED,DJI_20240410032627_0133_Z.JPG,Hardware,['worn hardware'],,MEDIUM,3
Y111,Y111-505823,ANNOTATED,DJI_20240410032228_0086_Z.JPG,Pole,['cracked'],,MEDIUM,1
Y111,Y111-505823,ANNOTATED,DJI_20240410032235_0088_Z.JPG,Pole,['cracked'],,MEDIUM,1
Y111,Y111-505823,ANNOTATED,DJI_20240410032236_0089_Z.JPG,Pole,['cracked'],,MEDIUM,1
Y111,Y111-505823,ANNOTATED,DJI_20240410032402_0102_Z.JPG,Pole,['cracked'],,MEDIUM,5
Y111,Y111-505823,ANNOTATED,DJI_20240410032405_0104_Z.JPG,Pole,['cracked'],,MEDIUM,5
Y111,Y111-505823,ANNOTATED,DJI_20240410032412_0106_Z.JPG,Pole,['cracked'],,LOW,5
Y111,Y111-505824,ANNOTATED,DJI_20240410031932_0054_Z.JPG,Pole,['cracked'],,LOW,3
Y111,Y111-505824,ANNOTATED,DJI_20240410031932_0054_Z.JPG,Pole,['cracked'],,LOW,3
Y111,Y111-505824,ANNOTATED,DJI_20240410032102_0073_Z.JPG,Pole,['cracked'],,LOW,7
Y111,Y111-505826,ANNOTATED,DJI_20240410031558_0010_Z.JPG,Pole,['cracked'],,MEDIUM,0
Y111,Y111-505826,ANNOTATED,DJI_20240410031543_0004_Z.JPG,Pole,['cracked'],,LOW,1
Y111,Y111-505826,ANNOTATED,DJI_20240410031741_0033_Z.JPG,Pole,['cracked'],,MEDIUM,5
Y111,Y111-505826,ANNOTATED,DJI_20240410031744_0035_Z.JPG,Pole,['cracked'],,LOW,5
Y111,Y111-505826,ANNOTATED,DJI_20240410031805_0038_Z.JPG,Pole,['cracked'],,LOW,5
Y111,Y111-505826,ANNOTATED,DJI_20240410031728_0027_Z.JPG,Pole,['cracked'],,LOW,5
Y111,Y111-505826,ANNOTATED,DJI_20240410031722_0025_Z.JPG,Pole,['cracked'],,LOW,5
Y111,Y111-505826,ANNOTATED,DJI_20240410031633_0017_Z.JPG,Pole,['cracked'],,LOW,0
Y111,Y111-505829,ANNOTATED,DJI_20240410043139_0025_Z.JPG,Pole,['cracked'],,MEDIUM,7
Y111,Y111-505829,ANNOTATED,DJI_20240410042923_0007_Z.JPG,Pole,['cracked'],,LOW,3
Y111,Y111-505832,ANNOTATED,DJI_20240410043712_0052_Z.JPG,Pole,['cracked'],,LOW,3
Y111,Y111-505832,ANNOTATED,DJI_20240410043703_0047_Z.JPG,Pole,['cracked'],,LOW,3
Y111,Y111-505833,ANNOTATED,DJI_20240410044252_0113_Z.JPG,Pole,['cracked'],,MEDIUM,7
Y111,Y111-505833,ANNOTATED,DJI_20240410044113_0090_Z.JPG,Pole,['cracked'],,LOW,3
Y111,Y111-505833,ANNOTATED,DJI_20240410044239_0108_Z.JPG,Pole,"['rotten', 'cracked']",,LOW,7
Y111,Y111-505835,ANNOTATED,DJI_20240410044502_0131_Z.JPG,Pole,"['rotten', 'cracked']",,LOW,3
Y111,Y111-505835,ANNOTATED,DJI_20240410044507_0135_Z.JPG,Footings,['cracked'],,LOW,3
Y111,Y111-505837,ANNOTATED,DJI_20240410044913_0179_Z.JPG,Pole,['cracked'],,LOW,3
Y111,Y111-505837,ANNOTATED,DJI_20240410045034_0195_Z.JPG,Pole,['cracked'],,LOW,7
Y111,Y111-505837,ANNOTATED,DJI_20240410045049_0200_Z.JPG,Pole,['cracked'],,LOW,7
Y111,Y111-505837,ANNOTATED,DJI_20240410044903_0174_Z.JPG,Pole,['cracked'],,LOW,3
Y111,Y111-505839,ANNOTATED,DJI_20240409174603_0181_Z.JPG,Pole,['cracked'],,LOW,7
Y111,Y111-505839,ANNOTATED,DJI_20240409174407_0153_Z.JPG,Pole,['cracked'],,MEDIUM,3
Y111,Y111-505839,ANNOTATED,DJI_20240409174411_0155_Z.JPG,Pole,['cracked'],,LOW,3
Y111,Y111-505839,ANNOTATED,DJI_20240409174547_0173_Z.JPG,Pole,['cracked'],,LOW,7
Y111,Y111-505841,ANNOTATED,DJI_20240409162824_0143_Z.JPG,Pole,['cracked'],,MEDIUM,3
Y111,Y111-505841,ANNOTATED,DJI_20240409163124_0182_Z.JPG,Hardware,['worn hardware'],,MEDIUM,7
Y111,Y111-505841,ANNOTATED,DJI_20240409163016_0167_Z.JPG,Pole,['cracked'],,MEDIUM,7
Y111,Y111-505841,ANNOTATED,DJI_20240409163012_0165_Z.JPG,Pole,['cracked'],,HIGH,7
Y111,Y111-505841,ANNOTATED,DJI_20240409162843_0152_Z.JPG,Pole,['cracked'],,LOW,3
Y111,Y111-505841,ANNOTATED,DJI_20240409162830_0147_Z.JPG,Pole,['cracked'],,MEDIUM,3
Y111,Y111-505841,ANNOTATED,DJI_20240409162827_0145_Z.JPG,Pole,['cracked'],,MEDIUM,3
Y111,Y111-505841,ANNOTATED,DJI_20240409162826_0144_Z.JPG,Pole,['cracked'],,LOW,3
Y111,Y111-505843,ANNOTATED,DJI_20240409163530_0220_Z.JPG,Pole,['cracked'],,LOW,7
Y111,Y111-505843,ANNOTATED,DJI_20240409163516_0215_Z.JPG,Pole,['cracked'],,MEDIUM,7
Y111,Y111-505843,ANNOTATED,DJI_20240409163520_0218_Z.JPG,Pole,['cracked'],,MEDIUM,7
Y111,Y111-505846,ANNOTATED,DJI_20240410035057_0023_Z.JPG,Pole,"['rotten', 'cracked']",,LOW,7
Y111,Y111-505846,ANNOTATED,DJI_20240410034917_0006_Z.JPG,Pole,['cracked'],,LOW,3
Y111,Y111-505846,ANNOTATED,DJI_20240410034915_0005_Z.JPG,Pole,['cracked'],,LOW,3
Y111,Y111-505846,ANNOTATED,DJI_20240410034919_0007_Z.JPG,Pole,['cracked'],,LOW,3
Y111,Y111-505846,ANNOTATED,DJI_20240410035102_0025_Z.JPG,Pole,['rotten'],,LOW,7
Y111,Y111-505847,ANNOTATED,DJI_20240410015547_0254_Z.JPG,Pole,['cracked'],,MEDIUM,7
Y111,Y111-505847,ANNOTATED,DJI_20240410015418_0235_Z.JPG,Pole,['cracked'],,LOW,3
Y111,Y111-505847,ANNOTATED,DJI_20240410015413_0232_Z.JPG,Pole,['cracked'],,LOW,3
Y111,Y111-505847,ANNOTATED,DJI_20240410015413_0232_Z.JPG,Pole,['rotten'],,LOW,3
Y111,Y111-505847,ANNOTATED,DJI_20240410015515_0245_W.JPG,Insulator,['not plumb'],,LOW,6
Y111,Y111-505850,ANNOTATED,DJI_20240410014901_0164_Z.JPG,Pole,"['rotten', 'cracked']",,MEDIUM,7
Y111,Y111-505850,ANNOTATED,DJI_20240410014716_0136_Z.JPG,Pole,"['rotten', 'cracked']",,MEDIUM,3
Y111,Y111-505850,ANNOTATED,DJI_20240410014718_0137_Z.JPG,Pole,['cracked'],,MEDIUM,3
Y111,Y111-505850,ANNOTATED,DJI_20240410014722_0140_Z.JPG,Pole,['cracked'],,MEDIUM,3
Y111,Y111-505850,ANNOTATED,DJI_20240410014750_0148_Z.JPG,Hardware,['worn hardware'],,MEDIUM,3
Y111,Y111-505851,ANNOTATED,DJI_20240411120246_0029_Z.JPG,Pole,['cracked'],,LOW,7
Y111,Y111-505851,ANNOTATED,DJI_20240412093344_0002_Z.JPG,Pole,['cracked'],,LOW,3
Y111,Y111-505851,ANNOTATED,DJI_20240409181833_0085_Z.JPG,Pole,"['rotten', 'cracked']",,MEDIUM,7
Y111,Y111-505851,ANNOTATED,DJI_20240409181850_0095_Z.JPG,Pole,['cracked'],,LOW,7
Y111,Y111-505851,ANNOTATED,DJI_20240411120235_0019_Z.JPG,Pole,['cracked'],,MEDIUM,0
Y111,Y111-505853,ANNOTATED,DJI_20240410051642_0092_Z.JPG,Pole,['cracked'],,LOW,3
Y111,Y111-505853,ANNOTATED,DJI_20240410051812_0108_Z.JPG,Pole,['cracked'],,MEDIUM,7
Y111,Y111-505853,ANNOTATED,DJI_20240410051616_0083_Z.JPG,Pole,['cracked'],,LOW,1
Y111,Y111-505853,ANNOTATED,DJI_20240410051634_0088_Z.JPG,Pole,"['rotten', 'cracked']",,LOW,3
Y111,Y111-505856,ANNOTATED,DJI_20240410093916_0056_Z.JPG,Hardware,['worn hardware'],,LOW,3
Y111,Y111-505857,ANNOTATED,DJI_20240410050936_0009_Z.JPG,Pole,['cracked'],,MEDIUM,3
Y111,Y111-505857,ANNOTATED,DJI_20240410050923_0005_Z.JPG,Pole,['cracked'],,LOW,3
Y111,Y111-505857,ANNOTATED,DJI_20240410051059_0024_Z.JPG,Pole,"['rotten', 'cracked']",,LOW,7
Y111,Y111-505857,ANNOTATED,DJI_20240410050926_0007_Z.JPG,Pole,['cracked'],,MEDIUM,3
Y111,Y111-505859,ANNOTATED,DJI_20240410051229_0044_Z.JPG,Pole,['cracked'],,MEDIUM,3
Y111,Y111-505859,ANNOTATED,DJI_20240410051229_0044_Z.JPG,Footings,['cracked'],,MEDIUM,3
Y111,Y111-505859,ANNOTATED,DJI_20240410051340_0059_Z.JPG,Pole,['cracked'],,LOW,7
Y111,Y111-505859,ANNOTATED,DJI_20240410051225_0042_Z.JPG,Pole,['cracked'],,MEDIUM,3
Y111,Y111-505859,ANNOTATED,DJI_20240410051235_0045_Z.JPG,Pole,['cracked'],,MEDIUM,3
Y111,Y111-505861,ANNOTATED,DJI_20240410094213_0089_Z.JPG,Pole,['cracked'],,MEDIUM,3
Y111,Y111-505861,ANNOTATED,DJI_20240410094202_0083_Z.JPG,Pole,['cracked'],,MEDIUM,3
Y111,Y111-505861,ANNOTATED,DJI_20240410094210_0087_Z.JPG,Pole,['cracked'],,LOW,3
Y111,Y111-505861,ANNOTATED,DJI_20240410094320_0102_Z.JPG,Pole,['cracked'],,LOW,7
Y111,Y111-505861,ANNOTATED,DJI_20240410094322_0103_Z.JPG,Pole,['cracked'],,LOW,7
Y111,Y111-505861,ANNOTATED,DJI_20240410094333_0108_Z.JPG,Pole,['cracked'],,MEDIUM,7
Y111,Y111-505863,ANNOTATED,DJI_20240410094201_0039_Z.JPG,Pole,['cracked'],,MEDIUM,7
Y111,Y111-505863,ANNOTATED,DJI_20240410094001_0016_Z.JPG,Footings,['cracked'],,MEDIUM,3
Y111,Y111-505866,ANNOTATED,DJI_20240410093706_0030_Z.JPG,Pole,['cracked'],,HIGH,7
Y111,Y111-505866,ANNOTATED,DJI_20240410093517_0005_Z.JPG,Pole,['cracked'],,MEDIUM,3
Y111,Y111-505866,ANNOTATED,DJI_20240410093519_0006_Z.JPG,Pole,['cracked'],,MEDIUM,3
Y111,Y111-505866,ANNOTATED,DJI_20240410093705_0029_Z.JPG,Footings,['cracked'],,HIGH,7
Y111,Y111-505866,ANNOTATED,DJI_20240410093714_0036_Z.JPG,Pole,['cracked'],,MEDIUM,7
Y111,Y111-505867,ANNOTATED,DJI_20240410085343_0007_Z.JPG,Pole,['cracked'],,LOW,3
Y111,Y111-505867,ANNOTATED,DJI_20240410085345_0008_Z.JPG,Pole,['cracked'],,LOW,3
Y111,Y111-505867,ANNOTATED,DJI_20240410085340_0005_Z.JPG,Pole,['cracked'],,MEDIUM,3
Y111,Y111-505867,ANNOTATED,DJI_20240410085349_0010_Z.JPG,Pole,['cracked'],,MEDIUM,3
Y111,Y111-505867,ANNOTATED,DJI_20240410085347_0009_Z.JPG,Footings,['cracked'],,HIGH,3
Y111,Y111-505867,ANNOTATED,DJI_20240410085345_0008_Z.JPG,Pole,['cracked'],,MEDIUM,3
Y111,Y111-505867,ANNOTATED,DJI_20240410085352_0012_Z.JPG,Pole,['cracked'],,MEDIUM,3
Y111,Y111-505869,ANNOTATED,DJI_20240410052409_0175_Z.JPG,Pole,['cracked'],,LOW,7
Y111,Y111-505869,ANNOTATED,DJI_20240410052250_0160_Z.JPG,Pole,['rotten'],,LOW,3
Y111,Y111-505869,ANNOTATED,DJI_20240410052350_0171_W.JPG,Insulator,['not plumb'],,LOW,6
Y111,Y111-505869,ANNOTATED,DJI_20240410052407_0173_Z.JPG,Pole,['cracked'],,LOW,7
Y111,Y111-505871,ANNOTATED,DJI_20240410051908_0119_Z.JPG,Pole,['cracked'],,LOW,3
Y111,Y111-505873,ANNOTATED,DJI_20240409152340_0056_Z.JPG,Pole,['cracked'],,MEDIUM,3
Y111,Y111-505875,ANNOTATED,DJI_20240409161519_0016_Z.JPG,Hardware,['rusted'],,LOW,3
Y111,Y111-505875,ANNOTATED,DJI_20240409161623_0026_Z.JPG,Pole,['rotten'],,LOW,7
Y111,Y111-505877,ANNOTATED,DJI_20240409161944_0056_Z.JPG,Pole,['cracked'],,LOW,3
Y111,Y111-505877,ANNOTATED,DJI_20240409161936_0051_Z.JPG,Pole,['cracked'],,LOW,3
Y111,Y111-505877,ANNOTATED,DJI_20240409161953_0058_Z.JPG,Pole,['cracked'],,MEDIUM,3
Y111,Y111-505877,ANNOTATED,DJI_20240409161957_0061_Z.JPG,Pole,['cracked'],,LOW,3
